train,frame_idx,t,frame,n_bubbles,density_per_mm2,r_mean_um,r_sem_um,r_median_um,r_std_um,r_max_um,r32_um,area_total_um2,volume_um3,aspect_median,frac_noncircular,cx_um,cy_um,n_edge,polydispersity,coverage_frac
3,0,0.0,r563_svd_normalised_tr050_tid3_000,359,350.5859375,14.084245318128225,0.38927178304951465,11.60714092101252,7.3756474337646365,54.90600218571663,23.438941823334897,284906.77942924714,8903884.570821106,0.9208978199957395,0.04735376044568245,812.6955672760558,385.8969989977154,10,0.5236806990482645,0.196845
3,1,0.886,r563_svd_normalised_tr050_tid3_001,239,233.3984375,21.71001132666243,0.8794055266254879,18.02395144543396,13.595279518347866,85.0566065451655,40.73499291605893,492088.09098686854,26726939.867236063,0.9436566994337461,0.0794979079497908,783.0838932468572,461.8749750829072,17,0.6262216686018618,0.3204
3,2,1.772,r563_svd_normalised_tr050_tid3_002,245,239.2578125,21.065887449675607,0.8379112467050643,17.7710066634867,13.115385547208845,85.20337883623176,39.5197977498682,473423.24717507936,24946121.304593325,0.9422022508845236,0.07755102040816327,763.1350120552911,444.8787509398619,18,0.6225887980527879,0.30867
3,3,2.658,r563_svd_normalised_tr050_tid3_003,244,238.28125,21.287501168526177,0.8439866045714576,17.529910215272377,13.183492209647568,85.15235629829454,39.677889706744104,480050.95769579266,25396545.270760715,0.940083166466654,0.07377049180327869,759.2984005162317,446.7123993759232,20,0.6193067051542676,0.3102675
3,4,3.544,r563_svd_normalised_tr050_tid3_004,253,247.0703125,20.8265507134452,0.8230205070342704,17.555716835828836,13.090942556391184,85.36050634114406,39.48196130453255,480423.278522367,25290737.723222338,0.9436579978450776,0.07114624505928854,771.9312179604105,451.42000417374015,18,0.6285698835352479,0.3109675
3,5,4.43,r563_svd_normalised_tr050_tid3_005,249,243.1640625,20.96596135716791,0.84953930800047,17.6072150891201,13.405504165216668,85.2904717282256,40.03909057912563,483870.5596472313,25831649.555050272,0.9424217892625598,0.04819277108433735,762.1710543257622,450.59270745733807,19,0.6393937266622668,0.3100675
3,6,5.316,r563_svd_normalised_tr050_tid3_006,247,241.2109375,21.078748930701032,0.8483312376386277,17.71998443167923,13.332571939506309,85.3838384466341,39.9253008427506,482152.1999327917,25666762.179080993,0.937757669746877,0.048582995951417005,769.5278875062884,450.5398144057885,16,0.6325124884469554,0.3096275
3,7,6.202,r563_svd_normalised_tr050_tid3_007,248,242.1875,21.0777711914737,0.8416317144935772,17.358601954581342,13.254029493880974,84.96927394338655,39.74009948953211,482454.01086050965,25563693.854293935,0.9472047272268748,0.05241935483870968,760.5999699009499,451.2961757076216,20,0.6288155124884572,0.3095925
3,8,7.088,r563_svd_normalised_tr050_tid3_008,248,242.1875,21.187101539387736,0.8477061486866188,17.524669086361385,13.349689779213326,85.61257960542467,39.96492351904531,488028.96095351,26005386.79944823,0.9411035011743378,0.06048387096774194,758.8739940599562,448.45551916506884,19,0.6300857035303142,0.3107825
3,9,7.974,r563_svd_normalised_tr050_tid3_009,242,236.328125,21.427632939251797,0.8428360088364584,18.04901679967369,13.111451260082221,85.28197877607825,39.429795240768776,479228.1656586166,25194491.260704625,0.9382460201939087,0.05785123966942149,761.0061878022692,445.2853471296795,19,0.6118945241060323,0.308
3,10,8.86,r563_svd_normalised_tr050_tid3_010,249,243.1640625,21.367602047994332,0.8410531927706868,17.740410933483137,13.271595525571586,85.71193373561046,39.8062917020635,494387.94767819985,26239667.812350564,0.9435189177090613,0.05220883534136546,755.6030280139033,451.0062962148575,18,0.6211083253872806,0.3112425
3,11,9.746,r563_svd_normalised_tr050_tid3_011,245,239.2578125,21.14019681968285,0.8494857218969376,17.535075186320423,13.29655474053924,85.32655734399077,39.88357597787983,479505.1903664694,25499175.58902508,0.9439225091829321,0.053061224489795916,766.0661660083379,453.3291781941381,18,0.6289702434633585,0.3103425
3,12,10.632,r563_svd_normalised_tr050_tid3_012,249,243.1640625,21.014925657215013,0.8327001551334419,17.668814863601344,13.139786814916567,85.29471788717717,39.47975377055777,479983.0166011704,25266148.412618335,0.9436035303599559,0.05220883534136546,755.0124696575426,445.3617286353436,21,0.6252597334507015,0.3090725
3,13,11.518,r563_svd_normalised_tr050_tid3_013,235,229.4921875,21.500030851080204,0.8677016086479258,17.821882824449926,13.301613781334826,85.35626345492523,39.909698797490606,471337.4409417686,25081247.06662134,0.9351258106195841,0.06808510638297872,768.3668790391316,448.26913723079065,18,0.618678822996504,0.3043225
3,14,12.404,r563_svd_normalised_tr050_tid3_014,240,234.375,20.793962589702,0.8482302849061302,16.92014893278524,13.140727068760858,85.16511479849822,39.55876013598186,455667.72735100857,24034200.437315375,0.9422007363033015,0.06666666666666667,751.7070343049236,451.53737517097807,19,0.6319491540909413,0.30368
3,15,13.290000000000001,r563_svd_normalised_tr050_tid3_015,232,226.5625,21.296857412620472,0.8478002081749888,18.07904044582027,12.913308049129805,84.58693643637163,39.34707467519649,451588.51148870314,23691582.512009103,0.9373904214180839,0.0603448275862069,776.0485292373312,454.01978368593257,19,0.6063480540315496,0.302725
3,16,14.176,r563_svd_normalised_tr050_tid3_016,240,234.375,21.16191585754573,0.821824662933884,17.918114645753274,12.731652932181827,83.03780376836717,38.51428258675827,459360.8679956591,23589272.37237783,0.9323093611296424,0.07083333333333333,753.24998971777,442.8442845579932,19,0.6016304486742435,0.3022325
3,17,15.062,r563_svd_normalised_tr050_tid3_017,233,227.5390625,21.40858535957337,0.8392942755884323,18.084131751263104,12.811271103261928,81.86722434532125,38.61350890858347,455116.76171903696,23431540.17744492,0.9385691601767774,0.060085836909871244,757.6447142929246,450.8299601025857,22,0.5984174520682684,0.30177
3,18,15.948,r563_svd_normalised_tr050_tid3_018,241,235.3515625,21.07201397661696,0.8101952302763632,17.933302330380734,12.577612292886881,80.8590209100767,38.08350636498854,455462.7456790383,23127491.165443745,0.9345178761258744,0.07053941908713693,770.0281965096542,449.21578465479325,19,0.5968870515577634,0.2986725
3,19,16.834,r563_svd_normalised_tr050_tid3_019,237,231.4453125,21.419971703576184,0.8320431956895709,17.882743159205315,12.809142182047761,80.9172266969453,38.39004154664418,463261.42867900734,23712833.99192643,0.9248116326787746,0.0759493670886076,768.1118904989157,448.75846990637086,18,0.5979999581376293,0.299095
3,20,17.72,r563_svd_normalised_tr050_tid3_020,230,224.609375,21.79057884710357,0.8378315120497799,18.059074732153462,12.706343997949714,79.77001395021108,38.36711914659163,459247.64248005976,23493345.355765015,0.926766715806536,0.08260869565217391,755.6816687472309,445.91200379802444,23,0.5831118157578754,0.2976075
3,21,18.606,r563_svd_normalised_tr050_tid3_021,230,224.609375,21.73995567627066,0.850222615682122,18.347486784330172,12.894264388866484,80.10301813985578,38.699789497774425,461116.4199168099,23793477.84633054,0.9304997520718278,0.08260869565217391,761.8661944033238,443.2009946547489,20,0.5931136466363949,0.30143
3,22,19.492,r563_svd_normalised_tr050_tid3_022,240,234.375,21.411501694304395,0.8318591732815924,18.228692455160893,12.88710689803791,81.19201921287157,38.67188272029329,470362.72492946644,24253082.845959853,0.926664580124442,0.09583333333333334,764.1990532457562,439.40428752229036,20,0.601877770276429,0.3020975
3,23,20.378,r563_svd_normalised_tr050_tid3_023,246,240.234375,21.13140247297458,0.8379243549812613,17.89791947266594,13.142329978698893,81.83182612754044,39.718365108464006,478038.88497468,25315897.292623162,0.9245861149276504,0.08536585365853659,740.0776804138759,445.2820874822519,21,0.6219336362319968,0.305005
3,24,21.264,r563_svd_normalised_tr050_tid3_024,245,239.2578125,20.93345761683797,0.822522385676965,17.983719360787784,12.874511771722952,82.70128961371783,38.82280714559134,464343.4437489102,24036154.621311564,0.9220123357394711,0.06938775510204082,761.8851569275016,442.32630902323075,21,0.6150207962475941,0.3063275
3,25,22.15,r563_svd_normalised_tr050_tid3_025,240,234.375,21.51592879017308,0.8301479218656636,18.626716524255073,12.860596305097644,84.08880617194596,39.05526342670299,473230.15265086567,24642837.697651234,0.924510471578518,0.11666666666666667,762.7490896603965,442.35785503167676,19,0.5977244315370402,0.30791
3,26,23.036,r563_svd_normalised_tr050_tid3_026,242,236.328125,21.14749968237734,0.8380662956797881,17.88218118945855,13.037251936699503,85.3732337346207,39.74005522487297,468691.716185221,24834446.24618823,0.9274464843582162,0.08264462809917356,764.9177494135338,440.7631555529064,19,0.6164914118695423,0.3122475
3,27,23.922,r563_svd_normalised_tr050_tid3_027,245,239.2578125,21.490239961401468,0.8491415765174053,18.28330220436068,13.291168013299803,86.15025301765883,40.24179978812439,490881.1005258444,26338585.289513584,0.9302453653268583,0.08163265306122448,763.9997504760134,444.4123262142408,25,0.618474620905677,0.3141825
3,28,24.808,r563_svd_normalised_tr050_tid3_028,246,240.234375,21.221905041598063,0.8491140974139827,17.586630869616314,13.31783423102578,86.82444079646889,40.4553492056336,484575.5557320565,26138231.098205745,0.9239200953236077,0.06910569105691057,752.6982068011808,450.1805878371158,27,0.6275513062998285,0.3129
3,29,25.694,r563_svd_normalised_tr050_tid3_029,247,241.2109375,21.36596819234796,0.8393717362134187,18.21384028949831,13.191762321760518,87.52654225360203,40.28744413233746,488725.610095357,26252674.28367898,0.9207377565472307,0.10526315789473684,768.3559080646081,445.6601886396753,22,0.6174193560058296,0.31258
3,30,26.580000000000002,r563_svd_normalised_tr050_tid3_030,246,240.234375,21.323571394084606,0.8624698038367566,17.735305778834785,13.527310301106889,88.59787830732128,41.09970375501468,492246.68361976976,26974923.828214627,0.924803850372311,0.07723577235772358,775.3405677847289,450.5818746361849,19,0.6343829582346376,0.3136725
3,31,27.466,r563_svd_normalised_tr050_tid3_031,246,240.234375,21.40941256679217,0.8862771235005288,17.629895640626934,13.900713519511559,89.03215924845694,42.266042115345066,502964.56906664884,28344428.87826314,0.930582549243129,0.1016260162601626,772.1598758887487,455.0245969683524,22,0.6492804730697167,0.3156875
3,32,28.352,r563_svd_normalised_tr050_tid3_032,245,239.2578125,21.435920063056383,0.8743920380678326,17.668814863601344,13.686400252729804,88.21074017733866,41.475890659036075,497259.6310109843,27499048.113285612,0.9245133487316772,0.09387755102040816,769.1497678778178,451.97885119705046,19,0.6384797206030617,0.318005
3,33,29.238,r563_svd_normalised_tr050_tid3_033,246,240.234375,21.2231765153639,0.8715392494896943,17.689297490875674,13.669558997885071,88.91818761763857,41.403842140182256,491923.2667430734,27156684.375083964,0.9192394226288569,0.07723577235772358,758.5680169018144,451.451228783568,20,0.6440863830157277,0.3172525
3,34,30.124,r563_svd_normalised_tr050_tid3_034,235,229.4921875,21.93795594024715,0.8955679155090832,18.14411245243822,13.728796176394413,88.80814787956362,41.62761718075662,493869.8402780427,27411499.53095437,0.9259320211170263,0.09361702127659574,764.1000222457589,460.49376566561733,21,0.6258010643192014,0.3119225
3,35,31.01,r563_svd_normalised_tr050_tid3_035,239,233.3984375,21.724319765346156,0.8860938785023108,17.801549808332123,13.698678929119591,88.86726023306841,41.620186140421076,494664.8622526275,27450724.858773466,0.9284958807370551,0.1087866108786611,760.9428107683555,455.79203853967283,19,0.6305688314794199,0.31395
3,36,31.896,r563_svd_normalised_tr050_tid3_036,238,232.421875,21.66122041989874,0.879890152777709,17.647620861535753,13.57428414566797,88.93244205918445,41.499356244184106,488019.7715102404,27003341.802811727,0.9231718356507721,0.10084033613445378,776.3411315194483,454.5622393013424,18,0.62666294338606,0.3153175
3,37,32.782000000000004,r563_svd_normalised_tr050_tid3_037,241,235.3515625,21.54553546043084,0.874844812205942,17.617496675449818,13.581243696801838,88.85910914291293,41.54361237949292,490536.6868780983,27171554.636779204,0.9268609711653979,0.07883817427385892,781.2740629832268,459.05524474989426,24,0.6303507156619191,0.3165375
3,38,33.668,r563_svd_normalised_tr050_tid3_038,241,235.3515625,21.596480706539566,0.8678447430672083,17.963569528845863,13.472573400606237,88.45878564813403,41.039370087295836,489984.0873779569,26811517.73171983,0.9210925777458222,0.0954356846473029,760.8678142990011,463.3732173336578,24,0.6238318911157894,0.308825
3,39,34.554,r563_svd_normalised_tr050_tid3_039,244,238.28125,21.995171739294584,0.8662759745517394,18.558527103543028,13.531663298976888,88.61014070662901,41.10957692617283,510631.0330403357,27989100.978217036,0.9183112046899782,0.12704918032786885,773.4117388470111,452.3251051123928,21,0.6152106225568788,0.3161375
3,40,35.44,r563_svd_normalised_tr050_tid3_040,241,235.3515625,22.004910721354854,0.8986920151533263,17.963569528845863,13.9514518413742,88.5672148813245,42.02565995201987,513368.9157313133,28766223.309948415,0.9279598848315423,0.0912863070539419,776.2910674506853,458.9287064761097,16,0.6340153803866558,0.3177225
3,41,36.326,r563_svd_normalised_tr050_tid3_041,253,247.0703125,22.639055975899865,1.200382068769807,17.94339706933405,19.093245640516248,233.5105003250652,88.81923656077912,695977.1448598956,82421544.89360893,0.927035442497861,0.07905138339920949,515.025534503857,502.7639262265268,23,0.8433764049544173,0.32021
3,42,37.212,r563_svd_normalised_tr050_tid3_042,250,244.140625,21.828597554725093,0.8574988828472289,17.87261129013852,13.55824780423567,87.74350699590828,40.98833036778747,518031.7035552973,28311006.14174968,0.9254116645890504,0.116,779.0468461462808,453.1214923789328,21,0.6211231743241702,0.318095
3,43,38.098,r563_svd_normalised_tr050_tid3_043,244,238.28125,21.87277344104028,0.8730437052169888,17.627664508800457,13.637378631446662,88.22716140709461,41.06857616201096,508707.8018433035,27855873.472281184,0.928005181612393,0.10655737704918032,764.1243703121692,453.98896120725715,18,0.6234864850681716,0.3165125
3,44,38.984,r563_svd_normalised_tr050_tid3_044,241,235.3515625,21.95063896460752,0.8862254490523692,18.21384028949831,13.757918691360468,87.42925025910424,41.28396843284278,507519.3960488829,27936552.96738334,0.9301647987880443,0.0954356846473029,776.2534269792502,454.39367630801047,19,0.6267662054641452,0.3167
3,45,39.87,r563_svd_normalised_tr050_tid3_045,249,243.1640625,21.491503136238837,0.880674009315536,17.658563156986272,13.896801465095889,87.0535569075939,41.471365452596636,511775.88157214376,28298726.15267092,0.9186987220256219,0.12048192771084337,771.6584965751741,452.14352850043036,22,0.6466184043527039,0.316465
3,46,40.756,r563_svd_normalised_tr050_tid3_046,246,240.234375,21.488669960813382,0.8606730451796035,17.740399187351983,13.499129242728513,87.49757297241064,40.615532644233426,497123.02199592313,26921221.77076718,0.926601564637421,0.13008130081300814,778.3411954750969,447.96155051928827,19,0.6281975230363466,0.3161475
3,47,41.642,r563_svd_normalised_tr050_tid3_047,257,250.9765625,21.355775440148815,0.8416152756976345,17.617496675449818,13.492119254509818,86.73262488453736,40.72085244556563,514628.42177270143,27941477.369733974,0.9266396507725359,0.12840466926070038,774.4053778659131,443.449135287561,21,0.6317784756785119,0.3193225
3,48,42.528,r563_svd_normalised_tr050_tid3_048,246,240.234375,22.146593221838497,0.9154098194606791,17.725092527932834,14.357642001422036,86.95365320874241,42.52981316578486,537717.4270681574,30492028.9455937,0.9240299180497724,0.11788617886178862,747.9001209605602,449.9292562361626,22,0.6483002535696611,0.318255
3,49,43.414,r563_svd_normalised_tr050_tid3_049,247,241.2109375,21.593912282260327,0.8691771207085927,17.832040638226744,13.660190708380686,85.98403914521478,40.92956306983212,506045.13736056344,27616275.15437471,0.9230580386687872,0.11740890688259109,778.6497025191755,450.8908915025519,22,0.6325945261712814,0.318295
3,50,44.3,r563_svd_normalised_tr050_tid3_050,250,244.140625,21.47467981472967,0.8488780829574023,17.755626787035148,13.421940989713768,85.79639981546751,40.02459679477211,503118.0359780888,26849462.040267535,0.923775480538672,0.1,770.9561107394483,450.84788178158897,22,0.625012391593729,0.3102775
3,51,45.186,r563_svd_normalised_tr050_tid3_051,250,244.140625,21.096345648421288,0.8298464422179278,17.765892759800806,13.121024327979814,85.15448284774352,39.3412525531389,484220.2997580317,25399777.472183134,0.9224454321117483,0.104,782.937302764328,455.4383073361618,19,0.6219572122417185,0.30647
3,52,46.072,r563_svd_normalised_tr050_tid3_052,245,239.2578125,21.665448286325045,0.8603280618944261,18.21384028949831,13.466264205426084,84.69604640922188,40.267143537250426,500292.28531517537,26860455.017820276,0.9242705894773386,0.10204081632653061,757.8804609734927,456.4379946478373,23,0.6215548382594889,0.3112
3,53,46.958,r563_svd_normalised_tr050_tid3_053,250,244.140625,21.075521590833144,0.8181080596358881,17.658551246765914,12.935424202951346,84.09526634221415,38.79886109802553,479747.5159835593,24818209.646358527,0.9159832669901066,0.128,772.3781787346637,451.4178302047528,21,0.6137653176079706,0.306305
3,54,47.844,r563_svd_normalised_tr050_tid3_054,249,243.1640625,21.40194070548982,1.013372489882943,17.52474524422433,15.990748169164485,168.1730811659004,59.53085263815185,557530.0354330982,44253651.174281776,0.9195694883985999,0.0963855421686747,615.6084696752922,484.65301928808833,26,0.7471634647162018,0.30515
3,55,48.730000000000004,r563_svd_normalised_tr050_tid3_055,261,254.8828125,20.82871400035215,0.7849874671110064,17.6072150891201,12.681860645783535,83.43375246981395,38.270941156932935,487093.6163375877,24855374.838364653,0.9282688969955774,0.1111111111111111,759.1098898345818,452.42968781098136,26,0.6088643132537671,0.3053125
3,56,49.616,r563_svd_normalised_tr050_tid3_056,251,245.1171875,20.98480269097422,0.7941074209725841,17.953486132301233,12.581027605365787,82.82163020065538,38.096678682462894,471557.4927315797,23953032.374537095,0.9160464649123395,0.10358565737051793,774.0242473725496,446.5843254473829,23,0.5995304216406578,0.3033425
3,57,50.502,r563_svd_normalised_tr050_tid3_057,253,247.0703125,20.7555073487567,0.7978563097505215,17.699534356277866,12.690681495696209,82.83911972259052,38.283838028467386,469905.60794449825,23986386.910954215,0.9225614967511568,0.12648221343873517,770.6076537588606,447.72095599465024,24,0.6114368240897955,0.304845
3,58,51.388,r563_svd_normalised_tr050_tid3_058,248,242.1875,21.04796524411537,0.8233204220536343,17.963544072779634,12.965662972170088,82.47106088018154,39.12529121181681,475608.7132278909,24811105.877224937,0.9235289311627191,0.12096774193548387,768.520725680102,443.72107031932103,22,0.6160055293608513,0.3081175
3,59,52.274,r563_svd_normalised_tr050_tid3_059,249,243.1640625,21.00859742930066,0.8330656658134467,17.730200624186438,13.14555447616201,81.84288971525103,39.56127225132378,479893.1053273118,25313575.721849307,0.9218950968376943,0.10843373493975904,762.0584617651016,446.7448783786472,24,0.6257226128683833,0.3103725
3,60,53.160000000000004,r563_svd_normalised_tr050_tid3_060,247,241.2109375,21.072763648019883,0.8464167067047309,17.52474524422433,13.302482724027646,81.64795157520744,39.68868919083931,481337.06164199125,25471516.047387794,0.9250067572551993,0.11336032388663968,760.895244681261,446.8288923622226,22,0.6312642682383819,0.30978
3,61,54.046,r563_svd_normalised_tr050_tid3_061,256,250.0,22.06176922366973,1.2072412119283695,17.59177466645893,19.315859390853912,244.55049456396355,95.60338733052399,690339.423772261,87998383.09390692,0.9241715382680337,0.1171875,473.65659829013543,496.331618280166,24,0.8755353750201604,0.31027
3,62,54.932,r563_svd_normalised_tr050_tid3_062,240,234.375,21.28686322661344,0.8580710380040145,17.92809278390987,13.29317936020984,82.14986098052974,39.78662167071306,474332.39488773217,25162778.055415288,0.9233234589879228,0.12916666666666668,760.303985896382,446.8019852179372,20,0.6244780745145357,0.3084575
3,63,55.818,r563_svd_normalised_tr050_tid3_063,248,242.1875,20.9650371113048,0.8461343407554506,17.426298422990065,13.324936923160422,81.80748096784055,39.699060737262236,480223.70812797133,25419240.20859416,0.9207285526084346,0.10080645161290322,766.2260043562252,444.8342068195664,22,0.6355789809680484,0.3093775
3,64,56.704,r563_svd_normalised_tr050_tid3_064,253,247.0703125,22.026657400327593,0.9771833842962347,17.79137458611848,15.543053230810047,148.09552750134284,52.70911887724532,576886.6657252979,40542917.12321653,0.9222995198096421,0.11462450592885376,645.7361029425149,459.6319330808974,25,0.7056473866333837,0.310575
3,65,57.59,r563_svd_normalised_tr050_tid3_065,252,246.09375,21.13613847854279,0.8291434846576906,17.786266580408586,13.16224476956249,82.36120195186119,39.49536840092562,490283.1594314219,25818552.00335168,0.9229079412677335,0.11904761904761904,766.1844264608129,441.7824601382772,24,0.6227364938455847,0.3113575
3,66,58.476,r563_svd_normalised_tr050_tid3_066,243,237.3046875,21.284795502447988,0.847996774533036,17.902983961563457,13.218961483311734,82.96362584630484,39.82609203878416,478705.3340308453,25419950.25675915,0.9289178848491895,0.102880658436214,767.2776378834881,448.38329144394186,23,0.6210518434058437,0.311215
3,67,59.362,r563_svd_normalised_tr050_tid3_067,247,241.2109375,21.458376567818146,0.8593755844190487,17.64830549526855,13.50614747396935,83.22731095784745,40.58664722069638,498283.0982007601,26964853.76361315,0.9244059515672072,0.08906882591093117,746.4918859643265,449.2460378164564,22,0.6294114296710114,0.31099
3,68,60.248,r563_svd_normalised_tr050_tid3_068,244,238.28125,21.30604628191186,0.8579972587780377,17.638041868058348,13.402345624599933,83.89476974804732,40.19045737711935,485098.26454527344,25995094.833228502,0.9240482079994654,0.10245901639344263,769.1409426373306,448.97561919168174,18,0.6290395433890561,0.3093975
3,69,61.134,r563_svd_normalised_tr050_tid3_069,240,234.375,21.48958889516216,0.886422876366252,17.887804790847397,13.732404151455082,84.0134008143936,40.94322779061566,489783.5504395174,26737759.298322193,0.9238621488407239,0.10833333333333334,742.7887612943582,453.9289945565513,23,0.6390259124289989,0.3056825
3,70,62.02,r563_svd_normalised_tr050_tid3_070,247,241.2109375,20.92236595038663,0.8396579401118361,17.264488060793784,13.196260369098301,84.03279722605023,39.748776058553425,474260.70123303216,25135043.208912402,0.9183925597201339,0.08906882591093117,776.4224903806261,452.56503241934354,20,0.6307250528162396,0.305245
3,71,62.906,r563_svd_normalised_tr050_tid3_071,244,238.28125,21.085888109076656,0.8137646033337282,17.5503395684807,12.711409458903116,83.83863117494975,38.632068052949116,464170.01413105224,23909130.098732214,0.9235326900543679,0.08196721311475409,760.9381833276561,452.5575146556619,22,0.6028396524323464,0.3026925
3,72,63.792,r563_svd_normalised_tr050_tid3_072,245,239.2578125,21.200230398340654,0.8265597287189339,18.064093925994424,12.93770618615525,83.10755780283857,38.86659240368926,474245.2397330524,24576395.242792595,0.922878162712709,0.09795918367346938,766.9510695070837,451.3661992057828,22,0.610262527484979,0.3038825
3,73,64.678,r563_svd_normalised_tr050_tid3_073,252,246.09375,20.9043813858243,0.8091782363007767,17.740384504633354,12.845306277466278,82.91340903329137,38.5418802372382,476069.88791290857,24464838.139326315,0.9171243243803966,0.09523809523809523,760.6616666721875,447.42708068029356,22,0.6144791391041569,0.30851
3,74,65.56400000000001,r563_svd_normalised_tr050_tid3_074,246,240.234375,21.334720004545606,0.8508726819449836,17.95840893396172,13.3454165516308,82.31941711753839,40.40281250013226,488851.9963750242,26334660.73314058,0.9247742788525011,0.1016260162601626,747.303481385026,445.96858642528645,25,0.6255257415512089,0.3106425
3,75,66.45,r563_svd_normalised_tr050_tid3_075,238,232.421875,21.27887093609576,0.8507155501110792,18.018893017157993,13.12420029692436,82.37439275918788,39.66838027907529,466796.9405668734,24689438.068687513,0.9173701468341555,0.1092436974789916,770.3468475894499,446.9112999277306,21,0.6167714601182869,0.3104275
3,76,67.336,r563_svd_normalised_tr050_tid3_076,247,241.2109375,21.187913068666013,0.8393186313278673,17.983719360787784,13.190927712971476,82.66843905050965,39.822797209052055,482829.0918004222,25636806.679198653,0.9172512894251436,0.10931174089068826,756.1549613700632,444.81619248102857,22,0.6225685215066806,0.3100225
3,77,68.222,r563_svd_normalised_tr050_tid3_077,244,238.28125,21.244142728312447,0.8429855398086207,17.852338926685878,13.16785507816855,82.92869563020093,39.96955691049086,478322.7919102257,25491133.40378753,0.921880213582756,0.0942622950819672,759.609085425273,445.99475340705607,23,0.6198346173140474,0.3095125
3,78,69.108,r563_svd_normalised_tr050_tid3_078,252,246.09375,21.255422712626626,0.8238399733473012,18.178894497228434,13.078054137546237,83.82351051992889,39.68436455246844,492544.37883887446,26061747.584148012,0.9196041492148849,0.13095238095238096,766.1455810298071,443.03250698517263,22,0.61528083041968,0.3164825
3,79,69.994,r563_svd_normalised_tr050_tid3_079,246,240.234375,21.627491195988107,0.8454958574838688,18.490122328147667,13.261084355191551,84.66396983740405,40.106594385898205,496845.7311520291,26569053.61557261,0.914716525748418,0.13821138211382114,767.7366181298925,442.2369740165873,22,0.6131586985757959,0.317495
3,80,70.88,r563_svd_normalised_tr050_tid3_080,257,250.9765625,21.413621528368978,0.8357495351192222,18.193945318744312,13.39808427952157,85.00975630391055,40.36152450780062,514592.30053149804,27692972.99923674,0.9217724226425713,0.15953307392996108,770.1607522284221,438.6898978119752,22,0.6256804465219326,0.3208375
3,81,71.766,r563_svd_normalised_tr050_tid3_081,262,255.859375,21.41973528208804,0.8431844872457267,18.108484516526968,13.648133236356607,85.63795757533302,40.965853280855015,530375.6027998662,28969718.83739247,0.9172951209465054,0.16030534351145037,759.553912967237,435.3448546693556,22,0.6371756259644193,0.32209
3,82,72.652,r563_svd_normalised_tr050_tid3_082,248,242.1875,22.039491743252757,0.8836384850652843,18.405520190602807,13.915552778367834,86.21118782698736,41.528857380680236,528708.1942530549,29275529.593509465,0.9162130773343433,0.11290322580645161,750.3451689917563,431.7969512065592,22,0.6313917281067967,0.3196725
3,83,73.538,r563_svd_normalised_tr050_tid3_083,245,239.2578125,21.42924706483303,0.8691975101063305,17.781193541172527,13.605093029299208,86.79315082940202,41.251627152116434,495338.5015113952,27244692.237914845,0.9209361351958728,0.09795918367346938,757.5205460101955,444.6102402455581,20,0.6348843236599836,0.3203125
3,84,74.424,r563_svd_normalised_tr050_tid3_084,245,239.2578125,21.521593470122067,0.8776335016889196,17.872614161984185,13.737137183753205,87.27584730704713,41.54689678990589,501158.89968622616,27762129.440808576,0.9193160971398318,0.11020408163265306,763.3018686082313,444.2889981321427,20,0.6382955426987391,0.3192775
3,85,75.31,r563_svd_normalised_tr050_tid3_085,262,255.859375,21.09653294322607,0.8506063777412403,17.26447531623396,13.768267028997052,87.27584730704713,41.464684945113454,521765.76469634625,28846470.731040265,0.9202154604650221,0.11450381679389313,764.2391566853398,443.6539422428022,21,0.6526317412462759,0.321155
3,86,76.196,r563_svd_normalised_tr050_tid3_086,252,246.09375,21.2283565713775,0.8577652902741452,17.755503766309076,13.616601847971113,87.99698533176844,41.35312041025827,502970.3669047123,27732525.527203135,0.9211141458901797,0.1111111111111111,777.1205951971289,442.2640437062649,23,0.6414345737121532,0.3204125
3,87,77.08200000000001,r563_svd_normalised_tr050_tid3_087,249,243.1640625,21.760960886166437,0.8640744030949905,18.1740285691303,13.634864097119085,87.80952299847269,41.36472227231979,515274.2125569969,28418899.595344596,0.9168571720330433,0.10843373493975904,758.8288417564825,439.21541764573897,21,0.6265745418340807,0.31925
3,88,77.968,r563_svd_normalised_tr050_tid3_088,246,240.234375,21.51265416721448,0.8717669976661294,17.89279486917543,13.673131088455017,87.96611244539154,41.53539213970849,501559.1974161824,27776610.59461146,0.920055448529917,0.08943089430894309,775.1954815931591,448.1283006464864,21,0.6355855015460165,0.3194025
3,89,78.854,r563_svd_normalised_tr050_tid3_089,252,246.09375,21.212759135926802,0.8496815757490599,18.143780310878224,13.488276858153016,87.76414233096837,40.91390362350629,499703.57034822693,27259764.95673247,0.9159440510243502,0.0992063492063492,777.0193276428035,443.1382045920583,20,0.6358567865558193,0.3238625
3,90,79.74,r563_svd_normalised_tr050_tid3_090,245,239.2578125,21.442556939125595,0.8696582379959654,18.17609606409721,13.612304561461684,87.78683559711496,41.23059074840168,495928.15834183455,27263214.582934298,0.9235130634055343,0.09795918367346938,765.730490071196,448.1678985606821,20,0.6348265554386249,0.320155
3,91,80.626,r563_svd_normalised_tr050_tid3_091,247,241.2109375,21.577659842666844,0.8771113679963833,18.14411245243822,13.784887192556793,87.80127371262627,41.658739877256004,508145.5466747345,28224937.53161174,0.9157662200339949,0.10526315789473684,782.0796520100106,449.3184889197248,18,0.638849963020507,0.320235
3,92,81.512,r563_svd_normalised_tr050_tid3_092,249,243.1640625,21.61954320575594,0.8636289471399151,18.1241409412096,13.627834920711416,87.80952299847269,41.31036957878559,510325.9430385907,28109004.416755285,0.9181897990365953,0.10843373493975904,762.3746758701935,449.4965824554615,23,0.6303479583732913,0.3202925
3,93,82.398,r563_svd_normalised_tr050_tid3_093,249,243.1640625,21.348377406348778,0.8583298567966373,18.312990941973972,13.544216685510662,87.91669327719592,41.03068955089827,499441.324156886,27323229.227160975,0.9201018389193664,0.11244979919678715,772.489890924258,445.63033164219127,21,0.6344377573858497,0.31802
3,94,83.284,r563_svd_normalised_tr050_tid3_094,250,244.140625,21.375324531537238,0.8593594992760526,17.872568212176652,13.587666733070728,87.48515462964355,40.92373509540898,503275.8289500227,27461235.605164114,0.9188561293481731,0.096,766.7732533404171,444.85559376495604,23,0.635670663761078,0.31927
3,95,84.17,r563_svd_normalised_tr050_tid3_095,252,246.09375,21.302324982452898,0.8655214157708689,17.72508663963157,13.739726523181544,87.38781655682982,41.60944245025334,508116.92898009636,28189949.485862374,0.9104549458804778,0.13095238095238096,777.8575089341543,455.76419685629617,20,0.6449871802490666,0.3192225
3,96,85.056,r563_svd_normalised_tr050_tid3_096,241,235.3515625,21.5969920194225,0.8833385331308748,18.084131751263104,13.713101704261774,87.45410105791746,41.611873287819165,494931.04152770696,27460010.381679073,0.9224291416599221,0.1037344398340249,768.7911179708044,453.20680648856325,21,0.6349542423282546,0.3187575
3,97,85.94200000000001,r563_svd_normalised_tr050_tid3_097,237,231.4453125,21.792179899426685,0.8855505581011169,18.45090675414293,13.63287755596405,86.71174407317847,41.17445025071142,491385.7763359875,26976718.93553777,0.9185707748624526,0.10970464135021098,768.048218914229,450.94756345549513,21,0.6255857660353983,0.3185075
3,98,86.828,r563_svd_normalised_tr050_tid3_098,253,247.0703125,22.30157958071154,1.2371807781967266,18.223779630095915,19.67856494561234,244.55006371130492,95.8014987820601,701888.8681057,89656007.39062634,0.9187044726210862,0.11462450592885376,484.8386378024103,497.29049165130573,25,0.882384356426133,0.3203025
3,99,87.714,r563_svd_normalised_tr050_tid3_099,251,245.1171875,21.821209503983244,0.8838739049112441,18.10414739850889,14.003196171786845,87.45617163907524,41.99454873502399,529483.5137400387,29647228.296197064,0.9216721425606109,0.10756972111553785,740.4331625060786,450.1189541127344,23,0.6417241065043027,0.3212525
3,100,88.6,r563_svd_normalised_tr050_tid3_100,248,242.1875,21.69248096075017,0.8693827170552157,18.25334681568551,13.691052719245102,87.56377438953065,41.13896667829263,512075.5230648136,28088343.840176843,0.9138736735443003,0.11290322580645161,770.866264575405,443.5388706068352,23,0.6311427791047667,0.3207575
3,101,89.486,r563_svd_normalised_tr050_tid3_101,248,242.1875,21.534591033529896,0.8701821014151866,18.063915906613,13.703641436734648,86.93282548725062,41.36438839584812,507025.5757653886,27963737.123450734,0.9164961722526995,0.0967741935483871,760.4730297272196,442.71052452990483,22,0.636354849525479,0.319685
3,102,90.372,r563_svd_normalised_tr050_tid3_102,248,242.1875,21.658350444167727,0.8718981711455522,18.228741177802156,13.730666129873152,86.72427316329656,41.43186372411235,511765.67014954065,28271207.3390864,0.9152097692391612,0.10483870967741936,765.8544322949044,444.2126084114625,21,0.6339663847100884,0.3200925
3,103,91.258,r563_svd_normalised_tr050_tid3_103,244,238.28125,21.30047161326982,0.868948118744039,18.43126505951394,13.573403525600654,87.00778195158671,40.95946191471697,488438.8728529379,26674924.54704959,0.9161646355232919,0.10655737704918032,768.8818338677637,439.25574389745617,22,0.6372348824964355,0.3188775
3,104,92.144,r563_svd_normalised_tr050_tid3_104,248,242.1875,21.50122305259438,0.8620740731714754,18.38700240265033,13.575956080267265,86.3790610028602,41.04156513389221,503203.87797886797,27536366.311595805,0.9135156097765174,0.10887096774193548,771.4512895217854,436.7207801293996,21,0.631403899539062,0.323
3,105,93.03,r563_svd_normalised_tr050_tid3_105,246,240.234375,21.50733039026993,0.8657285375770355,18.37222184666201,13.578421542680028,86.3832536523471,41.0851463851401,499395.6399925753,27356990.63092757,0.9137845350692597,0.11382113821138211,766.7346143758864,437.666347417246,21,0.6313392362644413,0.32123
3,106,93.916,r563_svd_normalised_tr050_tid3_106,252,246.09375,21.372691982981248,0.8526210874258346,18.228741177802156,13.534940159389315,85.87445697149177,40.75910142139992,506089.9062579306,27503693.090018354,0.9136587441675519,0.1111111111111111,772.8315783988377,433.85313198364804,21,0.6332819548500013,0.32294
3,107,94.802,r563_svd_normalised_tr050_tid3_107,249,243.1640625,21.528085049998626,0.8702155306979666,18.044033848817037,13.73176945615961,85.6781239877399,41.031094651624784,509454.49760528613,27871300.949251253,0.9141808151165958,0.10843373493975904,752.0386830806208,435.97535012667,22,0.6378537349823636,0.3192325
3,108,95.688,r563_svd_normalised_tr050_tid3_108,252,246.09375,20.954418699289725,0.8606061578340364,17.714661036633853,13.66169922239797,85.7309458593115,41.01019731650801,494792.17063292343,27055366.064425975,0.9093842485529129,0.09126984126984126,766.7838656109121,445.247672092834,22,0.651972236426728,0.316285
3,109,96.574,r563_svd_normalised_tr050_tid3_109,246,240.234375,21.233946934853186,0.8656930419515677,17.816679264463435,13.577864815548367,85.3732337346207,40.845299717024695,490353.6507840954,26704855.778151505,0.9121735344696287,0.10975609756097561,761.7332993409319,439.91895362795697,21,0.6394414028256704,0.3155025
3,110,97.46000000000001,r563_svd_normalised_tr050_tid3_110,236,230.46875,21.31760880110563,0.8863285383658205,17.87260267458768,13.61603736736644,85.67601043549811,41.1273723784753,473802.8030513099,25981685.753408816,0.9117796542745626,0.1016949152542373,763.6979646552807,447.9301886145784,20,0.6387225459667994,0.3138125
3,111,98.346,r563_svd_normalised_tr050_tid3_111,241,235.3515625,21.393790054619057,0.8927392686121393,17.909849225627923,13.859040364146253,85.33716785640405,41.72187935627222,491350.85554481344,27333441.488855787,0.9151907694501383,0.0995850622406639,744.916135134602,445.2623794334497,21,0.6478066919776095,0.3124475
3,112,99.232,r563_svd_normalised_tr050_tid3_112,229,223.6328125,21.486088783917623,0.9171085873516504,18.223779630095915,13.87837126134252,85.49616752447503,41.54413957548078,470086.579551563,26039123.297933973,0.9185406024024693,0.09606986899563319,764.3569086972802,450.76077058277906,22,0.6459235741281357,0.31151
3,113,100.118,r563_svd_normalised_tr050_tid3_113,245,239.2578125,21.026762740040862,0.8701079205919243,17.67906062547348,13.619343207431724,84.80501600150404,40.8596778274092,482483.5138178214,26285494.575510018,0.9143150693136547,0.08979591836734693,750.2718451920655,447.2941156031864,20,0.6477146946399253,0.3135875
3,114,101.004,r563_svd_normalised_tr050_tid3_114,237,231.4453125,21.42375766772739,0.8800569132446753,18.1241409412096,13.54830396840467,84.80928646584199,40.85692025867971,477826.7725523098,26030040.458176002,0.911946527197392,0.10548523206751055,769.5873709257894,451.1766035885816,22,0.6323962480594032,0.3130875
3,115,101.89,r563_svd_normalised_tr050_tid3_115,241,235.3515625,21.070719219270547,0.8689865179696546,17.7710066634867,13.49029851365562,84.80288068869129,40.757766553438614,473360.0454325458,25724130.969953053,0.9117115315198538,0.0912863070539419,776.469861144724,449.4666714973541,19,0.6402391096986316,0.3153675
3,116,102.776,r563_svd_normalised_tr050_tid3_116,238,232.421875,21.30064934934968,0.8993603222660377,17.913070114269683,13.8746552910485,84.57409071459824,41.79971110500973,482576.0885208947,26895388.115145333,0.9150133035241075,0.08823529411764706,742.9226560984064,460.0086390826985,20,0.6513724095210318,0.308875
3,117,103.662,r563_svd_normalised_tr050_tid3_117,248,242.1875,21.09904593752787,0.8549099579517513,17.94339706933405,13.463135480966391,85.23525241257063,40.51369611384352,487488.2569425183,26333268.1344486,0.9119799163066703,0.08870967741935484,760.1247454015441,453.05444616150555,23,0.6380921450585665,0.31328
3,118,104.548,r563_svd_normalised_tr050_tid3_118,251,245.1171875,21.30931062497277,0.8507165573120907,18.044033848817037,13.477884992910381,84.88398481379389,40.21413172225116,500735.66494791524,26848866.650992643,0.9044117599303972,0.13545816733067728,762.1186733205977,445.24263640800467,21,0.6324880813889587,0.314615
3,119,105.434,r563_svd_normalised_tr050_tid3_119,251,245.1171875,21.25502461967021,0.8551738026084315,17.730200624186438,13.548501038845917,84.86264913799783,40.31423660387788,500412.55701122177,26898333.630535893,0.9149785834191979,0.15139442231075698,765.4403793360569,447.5632102856802,24,0.6374257984301565,0.31906
3,120,106.32000000000001,r563_svd_normalised_tr050_tid3_120,250,244.140625,21.206026795836973,0.8468873401278832,18.023948645322598,13.390464581829125,84.65327494582905,40.210712764809685,493452.23262508056,26456087.985654883,0.9109361555435029,0.12,773.267814673993,447.2337122221021,22,0.6314461785202428,0.31851
3,121,107.206,r563_svd_normalised_tr050_tid3_121,253,247.0703125,21.194690522025187,0.8483066511898227,18.1241409412096,13.49314330082437,85.34353353064847,40.25411246578345,501183.7115055389,26899607.31861697,0.9113619682414551,0.1067193675889328,775.7041643062768,454.06613102281494,22,0.6366284653603462,0.318045
3,122,108.092,r563_svd_normalised_tr050_tid3_122,252,246.09375,21.367049201656425,0.852661739206652,18.03396033414409,13.535585486403683,85.44531982159333,40.78545639794649,505912.7509350646,27511843.259236313,0.9177683741857061,0.10714285714285714,770.4059231355254,454.90499888323194,21,0.633479398987595,0.3186
3,123,108.978,r563_svd_normalised_tr050_tid3_123,250,244.140625,21.144489616418667,0.8457860407640886,17.837116653621777,13.373051509952697,85.51522761828807,40.31044375455635,491040.8229034228,26392097.963785984,0.9124535463100889,0.096,777.6886523400158,446.6960939128685,20,0.6324603597699772,0.319405
3,124,109.864,r563_svd_normalised_tr050_tid3_124,236,230.46875,21.302134097967425,0.886968461964494,17.702627472139405,13.625868060224263,85.37747577749104,40.789046780308716,473511.533499374,25752112.121228904,0.9108680720122719,0.13983050847457626,762.8064360343886,450.5337486638225,17,0.6396480276370242,0.3127225
3,125,110.75,r563_svd_normalised_tr050_tid3_125,228,222.65625,21.47654395815381,0.9081955917219827,17.953486132301233,13.71345270468744,85.78795694988759,41.199830340578764,464492.348618903,25516007.943461023,0.9085387387502657,0.10087719298245613,750.8061559929199,450.1487370462328,17,0.6385316339261827,0.3112875
3,126,111.636,r563_svd_normalised_tr050_tid3_126,238,232.421875,20.83494372548933,0.8769169846832031,17.227506628334652,13.528416342283368,85.75206549746584,40.84653870528625,460839.78338924394,25098280.06552597,0.9223955917312295,0.10084033613445378,757.1032708546595,449.52213453655617,21,0.64931379323731,0.31048
3,127,112.522,r563_svd_normalised_tr050_tid3_127,231,225.5859375,21.242218228942985,0.8774446919542658,17.953486132301233,13.336004735239992,86.12923101861043,40.47927556256269,455970.22078004386,24609792.287037253,0.9130746515571293,0.11255411255411256,756.696786366406,441.3564802495912,20,0.6278065968209193,0.3094875
3,128,113.408,r563_svd_normalised_tr050_tid3_128,239,233.3984375,20.659374508409158,0.8401371449972292,17.699534356277866,12.988205070546845,85.99667425671477,39.82067530549158,446598.05969369086,23711781.769500017,0.9096384711754942,0.100418410041841,767.5079836348488,452.3779046125834,17,0.6286833643129005,0.3016625
3,129,114.294,r563_svd_normalised_tr050_tid3_129,240,234.375,21.4201614226655,0.8603057708760916,17.88779906177382,13.327799692996948,86.10610089182268,40.25466491802578,479316.63697801926,25726307.481580224,0.9075239938013256,0.09583333333333334,775.7239132694802,439.1568662702593,18,0.6222081818157676,0.30818
3,130,115.18,r563_svd_normalised_tr050_tid3_130,234,228.515625,21.80042162328261,0.9231335732736735,17.93814518605992,14.12122831132529,86.38954224505751,42.53365144022212,495343.64528574573,28091698.60228391,0.9090085460783393,0.10683760683760683,784.862496844624,459.60185045340313,20,0.6477502387496934,0.316875
3,131,116.066,r563_svd_normalised_tr050_tid3_131,236,230.46875,21.868998926541156,1.0250150443118349,17.98353894377894,15.746579898234407,148.8677818651781,54.52961021156522,537643.0808129589,39089956.83956762,0.9119463970954633,0.1016949152542373,853.264146102576,482.31336965813443,22,0.7200411848355656,0.3163425
3,132,116.952,r563_svd_normalised_tr050_tid3_132,238,232.421875,21.29756528301437,0.8641379406949121,17.983648886470824,13.331270853543167,87.1346443209968,40.23469341631525,471470.8599556885,25292647.34005817,0.9002028418510039,0.09663865546218488,758.9322639120095,446.8555835217692,20,0.6259528108677929,0.309195
3,133,117.83800000000001,r563_svd_normalised_tr050_tid3_133,238,232.421875,21.11075730247533,0.872924589847599,17.867541042945597,13.466824674563137,87.98257933292729,40.60775418493026,468252.0964290455,25352888.037825245,0.9112256238419478,0.09243697478991597,765.615173148198,445.78226264506907,17,0.6379129124365468,0.3113275
3,134,118.724,r563_svd_normalised_tr050_tid3_134,244,238.28125,21.284199767463473,0.8624071120826438,18.02392624435337,13.471229735286123,89.5230111862852,40.82657306589074,485798.22091588564,26444635.415336173,0.9055384556547932,0.12704918032786885,767.4936811104491,449.2828895462346,22,0.6329215982965539,0.31387
3,135,119.61,r563_svd_normalised_tr050_tid3_135,243,237.3046875,21.423835277241903,0.8755133489753052,17.91309578612656,13.647902428170088,89.74322044917352,41.08307516402958,492000.1216266678,26950503.97000012,0.9100187689906414,0.11522633744855967,774.5793609267561,439.400925796046,19,0.6370429127910618,0.31927
3,136,120.496,r563_svd_normalised_tr050_tid3_136,238,232.421875,21.433577477702638,0.9136664073466026,17.928252118115743,14.095358822372996,89.7270766784998,42.88024111992318,491419.6668069969,28096258.405008443,0.912615263087506,0.08823529411764706,787.225720376262,450.69827824807845,19,0.6576297791181339,0.3176125
3,137,121.382,r563_svd_normalised_tr050_tid3_137,231,225.5859375,21.421503611110964,0.900631870239565,18.15408996897588,13.688419334410787,91.0652245396337,41.75629885797926,468402.72539647215,26078352.25006277,0.9078960929730486,0.10822510822510822,775.3038288710691,443.0960055880473,18,0.6390036657982701,0.3159175
3,138,122.268,r563_svd_normalised_tr050_tid3_138,233,227.5390625,21.413422650001362,0.9113821198519899,17.94339706933405,13.911644289368395,91.34913708564144,42.305728955328505,476700.3384612574,26889540.41580709,0.9152405510539304,0.0944206008583691,771.0904517790159,440.99105765679434,18,0.6496693460336436,0.3187425
3,139,123.154,r563_svd_normalised_tr050_tid3_139,233,227.5390625,21.535507956892996,0.891151587642849,18.14411245243822,13.602838617468791,91.6104292483356,41.675198977677425,474345.721652827,26357936.445455402,0.9088484780728436,0.11587982832618025,767.4764707720777,448.4551594183713,19,0.6316469824950124,0.315865
3,140,124.04,r563_svd_normalised_tr050_tid3_140,240,234.375,21.20546467370711,0.8880622635528107,17.842007924437745,13.75780142854119,91.27972961872842,41.780374923085645,481161.4381760743,26804140.380703304,0.9130429021409423,0.1,775.4965913671434,440.42258514261835,18,0.6487856616318171,0.319465
3,141,124.926,r563_svd_normalised_tr050_tid3_141,233,227.5390625,21.510672764207637,0.8963224255533768,18.263482900752702,13.681768032609092,91.9241814080542,41.87268625193525,475132.798814096,26526782.150328673,0.9072733907304105,0.0944206008583691,772.6931269753868,447.53231098046575,15,0.636045565965499,0.3162775
3,142,125.812,r563_svd_normalised_tr050_tid3_142,233,227.5390625,21.69362321726767,0.8947097881843161,18.39192661360946,13.657152191506395,90.82629140651004,41.39967545817329,480428.1418759797,26519425.539518386,0.9152613507517718,0.08583690987124463,776.1041434108822,444.8608251088946,22,0.6295468513823724,0.3160625
3,143,126.69800000000001,r563_svd_normalised_tr050_tid3_143,238,232.421875,21.346052566063598,0.8815096427033988,18.053997019821377,13.59926841939005,90.84821977190688,41.528244045391304,478390.56589692883,26488960.226107344,0.9117297203328021,0.09243697478991597,774.4141577321251,451.68484646779484,17,0.6370858676236211,0.31901
3,144,127.584,r563_svd_normalised_tr050_tid3_144,246,240.234375,21.86239877318097,0.903973095930851,17.907919968760755,14.178264001951531,90.63269342191278,42.543540605744546,524111.7100877997,29730090.42675535,0.9162534241044322,0.06910569105691057,723.3667872457704,444.4543437241112,25,0.6485227970200728,0.3140175
3,145,128.47,r563_svd_normalised_tr050_tid3_145,235,229.4921875,21.440965885902568,0.8817974339288772,18.07411561548989,13.51769869110992,90.2281973780434,41.208364197508736,473725.22636851785,26028588.87698821,0.9115443144241387,0.08085106382978724,760.6974652276871,453.5335398243533,17,0.6304612750677341,0.314275
3,146,129.356,r563_svd_normalised_tr050_tid3_146,244,238.28125,21.236285919675836,0.8538273573202841,18.018921041847392,13.337209681581967,90.20009578310824,40.852698282209566,481493.695037407,26227088.864199206,0.9093585915718474,0.0942622950819672,772.3674108748774,453.31262805056133,20,0.6280387131736995,0.3198825
3,147,130.242,r563_svd_normalised_tr050_tid3_147,248,242.1875,21.735640193986026,1.0940236388746984,17.92819521385501,17.228701493708858,186.72784358445992,68.00131606129773,598414.3130436449,54257281.115846984,0.9142046697282981,0.10080645161290322,739.5923329116522,401.26547209798184,18,0.7926475291248067,0.319515
3,148,131.12800000000001,r563_svd_normalised_tr050_tid3_148,238,232.421875,21.78787395464021,0.8737115361486886,18.268439070154425,13.478965090801061,90.21214039568945,40.954450834768146,490214.3624875572,26768613.342658482,0.9136098830743546,0.10504201680672269,758.788139499775,437.2423313467941,21,0.6186452665763846,0.3174625
3,149,132.014,r563_svd_normalised_tr050_tid3_149,249,243.1640625,21.09697242888961,0.8374723260091551,17.89286642248948,13.215090401165062,89.21096334508402,40.40369519766286,484232.07135573763,26086353.354653545,0.9153282767140128,0.08835341365461848,769.5190526518722,446.69978330588833,21,0.6263974817101567,0.315965
3,150,132.9,r563_svd_normalised_tr050_tid3_150,252,246.09375,20.903782074729918,0.8454569077995864,17.938315615034078,13.421212333556223,89.64227418378906,40.838395185371624,487978.3295308099,26571002.48436895,0.9105232297092605,0.11507936507936507,754.7518808022455,452.6234947844939,23,0.642047084378133,0.3184825
3,151,133.786,r563_svd_normalised_tr050_tid3_151,237,231.4453125,21.36542528925048,0.8660524797079946,17.94339706933405,13.332708454518265,90.06950924042138,40.82065531326821,471671.54043937323,25671921.831138536,0.9062675783399251,0.10548523206751055,774.6895889133242,452.54145310507914,21,0.6240319710006572,0.31514
3,152,134.672,r563_svd_normalised_tr050_tid3_152,245,239.2578125,21.4378214178345,0.8623044119041939,17.923201905850757,13.497198976210296,89.6321733043826,40.914102002872234,493379.8836803329,26914926.516083177,0.908207581015311,0.11020408163265306,763.6428954774498,445.5724181318984,23,0.6295975096136279,0.315565
3,153,135.558,r563_svd_normalised_tr050_tid3_153,234,228.515625,21.902552985890047,0.9084561461751487,18.154021460261497,13.896706849771148,88.87541057565748,41.8335635698429,494020.1856403964,27555499.78769748,0.9128354514965902,0.10256410256410256,759.6202638535328,434.4666675481809,17,0.634478860008859,0.315135
3,154,136.444,r563_svd_normalised_tr050_tid3_154,236,230.46875,21.16821086005122,0.8632242242267703,17.94844160081764,13.261102158753268,89.25560840130304,40.410755304914794,462053.9454875977,24895931.905026335,0.9081321667211746,0.11864406779661017,770.3481262762108,450.21314738451497,19,0.6264630604081756,0.3106075
3,155,137.33,r563_svd_normalised_tr050_tid3_155,238,232.421875,21.3699775356676,0.8874742177090669,17.91305014714271,13.691285400918359,89.32658864028053,41.47647843844523,481024.4276770445,26601599.070549842,0.9127698372555928,0.09663865546218488,766.4403393759341,444.8900044970764,18,0.6406785116206554,0.315755
3,156,138.216,r563_svd_normalised_tr050_tid3_156,245,239.2578125,21.362952723731308,0.8669177632720385,17.993785815178537,13.569409347048442,89.40763991241337,41.210428992269215,492411.6705567447,27056661.57925785,0.9007834345050884,0.09795918367346938,767.0690387998102,433.68687265448943,21,0.635184167775398,0.3135875
3,157,139.102,r563_svd_normalised_tr050_tid3_157,247,241.2109375,21.4169931458624,0.8641883579892997,17.760813943024736,13.58178614788231,88.671427266606,41.01298836363909,498489.7172074212,27259403.961628933,0.9095624101538544,0.10121457489878542,769.985356849257,449.58804846656153,20,0.6341593357845478,0.3155525
3,158,139.988,r563_svd_normalised_tr050_tid3_158,231,225.5859375,21.805301257355012,0.8786415391117123,18.71726881068122,13.35419523716612,87.99904313908429,40.71332610270952,473911.7042308446,25726029.01098827,0.9092414480600296,0.11255411255411256,754.5119512476164,446.5071676664333,20,0.6124288346010216,0.3131175
3,159,140.874,r563_svd_normalised_tr050_tid3_159,238,232.421875,21.215171579761357,0.8783989244682158,17.887644373319148,13.55127859578743,89.15411003054999,41.16720876200668,473255.42086810095,25976806.278171245,0.9107595046762913,0.07983193277310924,758.8914664975205,445.17424063396186,20,0.6387541361539092,0.313685
3,160,141.76,r563_svd_normalised_tr050_tid3_160,241,235.3515625,21.371034212213498,0.8647546071071301,18.013901848084277,13.42460159012679,87.98875362124232,40.8324875329162,481677.05508068367,26224096.46196507,0.9089659233028308,0.0954356846473029,763.6317823169902,447.1385744447158,18,0.6281680828742794,0.3140925
3,161,142.64600000000002,r563_svd_normalised_tr050_tid3_161,242,236.328125,21.656927697958235,0.8649188617097868,17.882740292236832,13.45497983040508,87.71667380291329,40.702398420162815,493648.6368457476,26790244.661954507,0.9073415867145791,0.10330578512396695,759.3025266387614,444.74130767364244,20,0.621278328027737,0.31309
3,162,143.532,r563_svd_normalised_tr050_tid3_162,243,237.3046875,20.99637850711574,0.8658900599206744,17.6072150891201,13.497890197963208,87.35880127245842,40.97738140083582,475061.4555967804,25955699.273100656,0.9125345689619895,0.09876543209876543,756.544909276555,438.1436845008948,20,0.642867539913549,0.31502
3,163,144.418,r563_svd_normalised_tr050_tid3_163,245,239.2578125,21.498889026702575,0.9067366487051566,18.15408996897588,14.192673489365538,100.80840017581367,44.32482762613707,510159.93079845305,30150334.659204595,0.9054123274985936,0.09795918367346938,714.3455676284877,443.235434784737,20,0.6601584608273295,0.314205
3,164,145.304,r563_svd_normalised_tr050_tid3_164,246,240.234375,21.282996140100344,0.8479434483050914,17.755708798484918,13.299473317195242,87.83838939796517,40.63622005539211,486206.1841926154,26343441.99085816,0.9100993031737609,0.07723577235772358,775.6426890816898,441.9042187485986,21,0.6248872682045479,0.316815
3,165,146.19,r563_svd_normalised_tr050_tid3_165,244,238.28125,21.202139793922676,0.8704245393422311,17.91308437643511,13.596465952597718,86.91407627054576,41.047816915345976,485713.5441755654,26583307.51282988,0.9093461027183302,0.0778688524590164,767.7770111999314,435.8728672984574,19,0.6412780070667665,0.316455
3,166,147.076,r563_svd_normalised_tr050_tid3_166,250,244.140625,21.600603147395628,0.8769550315325623,17.958527830573548,13.865876525938392,93.02901319426856,42.870377550250915,516854.4605433217,29543661.149364628,0.9097759053108352,0.096,752.0817574544672,416.40093829304135,21,0.6419208033832237,0.320235
3,167,147.962,r563_svd_normalised_tr050_tid3_167,250,244.140625,20.775658622636,0.832385840816013,17.694381890586357,13.161175745264753,87.4313214287879,40.2097465437396,474499.6136133433,25439345.597993206,0.9094566805422065,0.072,774.4263857711207,446.3311261168817,20,0.6334901811933447,0.3160975
3,168,148.848,r563_svd_normalised_tr050_tid3_168,244,238.28125,21.561896826011516,0.9050846878253791,18.07411561548989,14.137874779512485,93.02901319426856,43.279100966628135,508969.6633527107,29370332.598923594,0.9130198466282473,0.11065573770491803,751.2462953192567,418.43775852467036,22,0.6556878967372225,0.3167425
3,169,149.734,r563_svd_normalised_tr050_tid3_169,245,239.2578125,21.351099126999486,0.8506299095857796,17.94339706933405,13.314464110698122,87.19281442048496,40.54875833596097,486768.10538978374,26317123.028138563,0.9103231985799398,0.07755102040816327,769.3348741090894,437.3349132933954,21,0.6235961920040615,0.3160175
3,170,150.62,r563_svd_normalised_tr050_tid3_170,246,240.234375,21.69888411821444,0.8940946141116853,18.109147163429874,14.02332606873087,93.02901319426856,42.993681738395836,515243.74190709833,29536300.609671928,0.9106440395780261,0.09349593495934959,747.0331662040169,420.89778528635543,21,0.6462694575597754,0.3134025
3,171,151.506,r563_svd_normalised_tr050_tid3_171,240,234.375,22.016468538406993,0.8673654603494948,18.35243490581839,13.437167932036493,87.68570222289658,40.53146290495292,501043.85061612155,27077386.993336126,0.9139480155704811,0.07083333333333333,734.3667182992571,446.90829307813584,22,0.6103234907358464,0.31632
3,172,152.392,r563_svd_normalised_tr050_tid3_172,246,240.234375,21.829977512114294,0.8988597829034107,18.15408996897588,14.098064820854209,93.02901319426856,43.05836789274833,521271.4899502625,29926799.44837261,0.911738477433568,0.08130081300813008,746.1447582798379,420.50165512497756,23,0.6458121550070608,0.3166
3,173,153.278,r563_svd_normalised_tr050_tid3_173,252,246.09375,20.90797725709386,0.8360866387499942,17.87767866059475,13.272463923818304,87.38781655682982,40.16566701770417,484986.1877475354,25973058.30033768,0.9089063174739969,0.07142857142857142,778.7524680061357,449.3376342541886,20,0.6348038244261575,0.3178725
3,174,154.16400000000002,r563_svd_normalised_tr050_tid3_174,255,249.0234375,21.073016066486367,0.8293966546022619,17.852338926685878,13.244402467445749,88.14707901723456,40.23619822643457,495723.1125425376,26594684.562248897,0.9135010816836687,0.06666666666666667,740.8319640430296,452.11847489077684,23,0.6285005632634184,0.317265
3,175,155.05,r563_svd_normalised_tr050_tid3_175,247,241.2109375,21.324759149915998,0.8464820676479726,17.821882824449926,13.303509951882923,87.63819120839221,40.50079458010741,489648.6714958186,26441547.01423285,0.9169969117014928,0.0728744939271255,769.4898251625877,436.06161644225125,21,0.6238527646834092,0.3169825
3,176,155.936,r563_svd_normalised_tr050_tid3_176,245,239.2578125,21.517584335492398,0.8381051709266352,18.0540666735282,13.118420941402258,87.07643536185957,40.03464486658011,488289.1410787638,26064643.140394315,0.910344867764851,0.053061224489795916,769.9005331185232,448.34771498982576,21,0.6096604868309472,0.3163825
3,177,156.822,r563_svd_normalised_tr050_tid3_177,248,242.1875,21.740967482142043,0.855805388717405,18.183986943937306,13.477236738765171,88.67551153123895,40.84024272939766,509208.6493820828,27728273.120897338,0.9102481990318124,0.08064516129032258,770.2123356021222,436.9178271775758,18,0.6199005058001824,0.314685
3,178,157.708,r563_svd_normalised_tr050_tid3_178,244,238.28125,22.135007034261236,0.9496392818559622,18.148903739338024,14.833839786687513,123.066264889146,47.779706396374486,543559.2530353118,34628135.35874644,0.9120991468730928,0.06557377049180328,751.9794418791198,393.7708288347882,22,0.6701529285139709,0.3136725
3,179,158.594,r563_svd_normalised_tr050_tid3_179,244,238.28125,21.603561871545764,0.839823722991005,18.049050261172617,13.118465920618434,88.91615108230127,40.22076904454343,489136.75892597076,26231275.48261065,0.9083913110667561,0.08196721311475409,779.2816335966645,448.81807704093774,19,0.6072362510691757,0.3166225
3,180,159.48,r563_svd_normalised_tr050_tid3_180,245,239.2578125,21.605792136195127,0.9172849388489782,18.03399544256092,14.357780346021372,104.67746438808838,44.88599822787378,517320.09690468304,30960571.93720945,0.9147656430600484,0.05714285714285714,751.6111621927275,427.0904600116529,24,0.6645338553437475,0.316565
3,181,160.366,r563_svd_normalised_tr050_tid3_181,251,245.1171875,21.00783038982832,0.8364342549697743,17.586633883851814,13.251610769434679,88.47925416441976,40.449696036404426,485925.4049887635,26207379.904216267,0.9147179369199554,0.06374501992031872,774.1173817829036,443.42097165131656,21,0.6307938765466667,0.312245
3,182,161.252,r563_svd_normalised_tr050_tid3_182,236,230.46875,20.91661807404693,0.8778733059486652,17.44151156613908,13.486145622309895,87.5058508885098,41.489842302433246,458647.5462052057,25372285.81926927,0.9115470090095732,0.08050847457627118,766.1011264315998,447.21639995212786,23,0.6447574638771709,0.3066475
3,183,162.138,r563_svd_normalised_tr050_tid3_183,224,218.75,20.889310763612553,0.9212657246265739,17.41055915820007,13.788242814922672,93.02901319426856,42.82395338400193,440266.46334829245,25138600.67062223,0.9140922072206719,0.0625,755.8636216210023,399.08049770526844,21,0.6600621232051681,0.2939675
3,184,163.024,r563_svd_normalised_tr050_tid3_184,231,225.5859375,21.147942171920693,0.8703517150913082,17.842192669016807,13.228200820191315,84.7729806618309,40.18637747298477,451000.7868113964,24165450.479221217,0.9175277769137465,0.09090909090909091,761.1407715965488,437.02186570862534,19,0.6255077072111128,0.3040125
3,185,163.91,r563_svd_normalised_tr050_tid3_185,218,212.890625,21.579499887878512,0.9917317249399614,17.821882824449926,14.64274344195859,123.06586449927066,47.8353406533851,465094.1494136643,29663916.09746535,0.9096645107229147,0.10091743119266056,757.8791711574682,381.8854111863118,20,0.6785487855621534,0.29689
3,186,164.796,r563_svd_normalised_tr050_tid3_186,232,226.5625,21.110906491956364,0.8449433166247398,17.678915229420827,12.869793173460293,82.93742956341424,38.63645228168937,445026.77043938043,22925674.106873937,0.9090230151695862,0.12931034482758622,764.0611122958204,438.4342132179425,19,0.6096276907087773,0.3027975
3,187,165.682,r563_svd_normalised_tr050_tid3_187,225,219.7265625,21.809632795154425,0.9309512802889626,17.963569528845863,13.964269204334439,97.72756695561624,42.79082068528877,473449.640013562,27012398.19911313,0.9094885649615158,0.10222222222222223,764.7351271479885,445.3782224928707,17,0.6402798862086739,0.308585
3,188,166.568,r563_svd_normalised_tr050_tid3_188,235,229.4921875,21.66456844512094,0.8932112050654055,17.94339706933405,13.692668489406387,93.59137149815416,42.25182520332815,484341.0498567999,27285724.503127936,0.9074457253566146,0.1276595744680851,760.8109195376113,446.0237989843346,19,0.6320305213598706,0.3106025
3,189,167.454,r563_svd_normalised_tr050_tid3_189,240,234.375,21.673398598622903,0.8986698311009846,18.20389280412131,13.922133158372583,96.22439286133329,42.71602844008375,499705.0382377964,28460552.83335845,0.9077442615534053,0.10416666666666667,775.9581994112626,443.31801144790654,18,0.6423604076223272,0.3110075
3,190,168.34,r563_svd_normalised_tr050_tid3_190,232,226.5625,21.74977998626364,0.9401270956727059,18.114135894371778,14.31958930263628,110.85582450181812,45.73019765658617,493591.2573975221,30096034.34980211,0.913616225001058,0.10344827586206896,770.9561920279948,456.17520876241497,19,0.6583785818376096,0.31203
3,191,169.226,r563_svd_normalised_tr050_tid3_191,229,223.6328125,21.53559031620871,0.9677504771600854,17.596927495434866,14.644722114262812,111.37569192981904,46.5190979693563,487275.71026501735,30223502.00520803,0.9100745464344883,0.08733624454148471,756.816638382489,449.87988181291826,16,0.6800241785450616,0.31012
3,192,170.112,r563_svd_normalised_tr050_tid3_192,229,223.6328125,22.065515094866534,0.9898417670060103,18.003846641133865,14.979023991218321,110.8770579645411,47.490309680112205,510991.7866026236,32356210.919669867,0.9022527301279067,0.10043668122270742,736.7949453252506,448.5503429856938,21,0.6788431598727165,0.30952
3,193,170.998,r563_svd_normalised_tr050_tid3_193,223,217.7734375,21.05984811932511,0.9005923031333187,17.68930045293238,13.44871104274471,91.5965915613658,42.172857975083154,436860.4314099796,24564870.571715493,0.9104184396654093,0.1031390134529148,772.041332482124,434.86624185296637,17,0.6385948733601642,0.3018025
3,194,171.88400000000001,r563_svd_normalised_tr050_tid3_194,237,231.4453125,21.107801987849253,0.8769946204289922,17.801549808332123,13.50116056974177,92.92340794527378,42.248807766689595,466875.88776355714,26299932.844033428,0.9059754067838922,0.10548523206751055,762.7389662852992,439.6615405976172,17,0.6396289190846939,0.3124775
3,195,172.77,r563_svd_normalised_tr050_tid3_195,235,229.4921875,21.715823749184565,0.9707502660768107,17.638041868058348,14.881319786421052,101.15993892964552,47.164632404201036,510951.00437747454,32131755.064027853,0.9144087525631115,0.09787234042553192,714.4182784161935,458.62684647765474,24,0.6852753990960094,0.312885
3,196,173.656,r563_svd_normalised_tr050_tid3_196,233,227.5390625,21.702805591821743,0.9253963510242973,18.134129446206583,14.125562244100468,94.39666398423888,44.41816133256415,490204.8580128681,29031997.958963018,0.9089325587769466,0.11587982832618025,769.7204758091386,409.512849509302,15,0.6508634187564853,0.3120775
3,197,174.542,r563_svd_normalised_tr050_tid3_197,228,222.65625,21.953175047037476,0.9736935942991735,18.1391209493224,14.702450855284894,94.89220802217928,45.64403998941548,499360.9899034037,30390470.656406753,0.911948248004956,0.07894736842105263,744.3833901015141,412.45608958746845,19,0.6697186545355294,0.312735
3,198,175.428,r563_svd_normalised_tr050_tid3_198,226,220.703125,21.920608770150192,0.9984721102706597,18.059024623296583,15.010327159238264,111.76522076403378,48.28018256103266,500426.46275266586,32214241.306760684,0.9146512149681194,0.10619469026548672,775.7496513309544,458.27522807782253,16,0.6847586815051495,0.3209575
3,199,176.314,r563_svd_normalised_tr050_tid3_199,228,222.65625,22.24690162759735,0.9388516060645657,18.342631626505003,14.176348370151015,95.65816226045816,43.64782202889252,497825.3979434506,28971992.494531095,0.9152216681631591,0.07894736842105263,758.1481001895731,443.2546088640333,19,0.6372279883040077,0.314555
3,200,177.2,r563_svd_normalised_tr050_tid3_200,229,223.6328125,22.54041866422927,0.9946297745927595,18.39192661360946,15.051479693637287,96.15473801471862,46.46565518214198,527790.2794657338,32698828.178854838,0.9150972872993703,0.07860262008733625,775.1507826643523,447.73092504664976,20,0.6677551077400072,0.314345
3,201,178.086,r563_svd_normalised_tr050_tid3_201,230,224.609375,22.253327302673565,1.000299436134894,18.149018932275535,15.170292061931802,96.77982688740713,47.93714797604882,523389.27267227264,33453052.01755639,0.9141210639100685,0.09565217391304348,785.7366889177484,426.69716194743546,18,0.681708935279499,0.315875
3,202,178.972,r563_svd_normalised_tr050_tid3_202,230,224.609375,21.90307340092618,1.013115521017036,18.069104770742157,15.364657612615149,116.95109210214446,49.760972583420354,516483.8412594898,34267651.019590795,0.914922585763232,0.08695652173913043,760.7287421852855,459.94341041123937,19,0.70148409455476,0.3223875
3,203,179.858,r563_svd_normalised_tr050_tid3_203,232,226.5625,22.13407066963679,1.0314559888749295,18.127836167203412,15.710669559911903,112.17761309969411,50.794628573163436,536198.7731886201,36314690.03400248,0.9197595234042625,0.09913793103448276,765.8646489143392,426.56430819261834,22,0.7097957621262853,0.3194475
3,204,180.744,r563_svd_normalised_tr050_tid3_204,237,231.4453125,21.18149352520809,0.8688893571229532,17.973647268504703,13.376381627196674,96.48937338142332,42.29019172096417,466709.67480841326,26316322.167568844,0.914901624731829,0.11392405063291139,767.88170588093,445.6462245019147,22,0.6315126745560905,0.310075
3,205,181.63,r563_svd_normalised_tr050_tid3_205,227,221.6796875,22.410747140611917,1.0428676871726041,18.183989670765637,15.71238600402126,116.94644691541266,51.35096649967362,533453.4628690525,36524467.86789813,0.9179426611151169,0.0881057268722467,768.2588810608345,430.7356948803382,25,0.7011094233243059,0.3181425
3,206,182.516,r563_svd_normalised_tr050_tid3_206,231,225.5859375,21.860729212193956,0.9838886025540377,17.7710066634867,14.953812112516838,114.93319616965717,48.48652737540759,508387.37197397905,32866584.304703806,0.9203280431267026,0.1038961038961039,774.4714432079852,449.64031335611446,23,0.6840490986080909,0.3197675
3,207,183.40200000000002,r563_svd_normalised_tr050_tid3_207,231,225.5859375,21.747432777791442,0.9920409108640917,17.832040638226744,15.077716471643878,117.99007488156995,49.10198259321375,507490.5999515059,33225059.47338458,0.9191274454748307,0.06926406926406926,783.6004104378899,460.2535057630043,21,0.693310177146118,0.3191475
3,208,184.288,r563_svd_normalised_tr050_tid3_208,239,233.3984375,21.718918704110948,0.9620643636569576,17.902983961563457,14.873154128047666,116.28338918545984,48.188090188021164,519579.1545776339,33383369.547470413,0.9147181693961922,0.09623430962343096,774.5105378862181,442.632900108087,20,0.6848017772280939,0.320895
3,209,185.174,r563_svd_normalised_tr050_tid3_209,234,228.515625,21.535786515462082,0.9633139467510586,17.755708798484918,14.735869836599187,116.47010994349898,47.903641547674546,499896.0944856694,31929124.428431936,0.9183463919969803,0.08974358974358974,783.4114394833672,452.0011931523945,22,0.6842503674532273,0.317365
3,210,186.06,r563_svd_normalised_tr050_tid3_210,238,232.421875,21.60365259525744,0.9649933223470374,17.923190515448752,14.887191901010103,116.28338918545984,48.063085653111564,513979.6003807045,32937927.4093998,0.91800716309413,0.10504201680672269,779.5451256226256,441.33297090917927,21,0.68910531843482,0.3189725
3,211,186.946,r563_svd_normalised_tr050_tid3_211,244,238.28125,21.546443202523225,1.0006384472569414,17.617448700392018,15.630472216776527,118.64969987277924,50.66438351978374,542378.8253939059,36639051.76368889,0.9170083593385335,0.10245901639344263,764.844589197573,424.34290939560134,22,0.7254316672993202,0.3156225
3,212,187.832,r563_svd_normalised_tr050_tid3_212,251,245.1171875,20.769183064283496,0.9238662872450187,17.253996119344187,14.63679466596706,118.59932463849591,47.91443121974392,508404.0640967348,32479855.414668374,0.9173605813663975,0.10358565737051793,764.3272322863542,450.54773665486556,23,0.704736176702962,0.3164525
3,213,188.718,r563_svd_normalised_tr050_tid3_213,239,233.3984375,27.432363226855482,5.751515631663841,18.09414234253697,88.91627389091587,1376.6165614929296,1269.4077556965028,6476419.8127898425,10961623386.002556,0.9152620886788841,0.1087866108786611,1325.5805371895858,678.431393912967,26,3.2412910676200672,0.32319
3,214,189.604,r563_svd_normalised_tr050_tid3_214,237,231.4453125,21.48953254343864,1.0164353203386736,17.709762345780007,15.647822858863774,120.44917760971845,51.26597236834727,525375.5487620576,35911851.15445455,0.9199949053545772,0.11392405063291139,761.6442049721712,430.0682409337643,23,0.7281602253205595,0.316495
3,215,190.49,r563_svd_normalised_tr050_tid3_215,241,235.3515625,20.95053597149852,0.9616527796066747,17.421108940750425,14.928865747758058,126.6775809896202,50.19736926989633,500361.34431389987,33489097.558542103,0.9134990076075286,0.12033195020746888,773.9152175166075,453.6643261196323,23,0.7125767936470718,0.3160125
3,216,191.376,r563_svd_normalised_tr050_tid3_216,227,221.6796875,21.440606092250025,0.9899841408315834,17.842192669016807,14.915615039121148,120.79596314947877,49.179824463432034,485788.5124608798,31854658.358903773,0.9183172424861511,0.11013215859030837,779.9572098956969,451.5222644656009,20,0.6956713338674033,0.313495
3,217,192.262,r563_svd_normalised_tr050_tid3_217,237,231.4453125,21.70311143606377,0.9562875598892687,17.94339706933405,14.721859856558758,118.92409825006465,48.1231762659585,511394.61314630124,32813244.14653481,0.9122146046030768,0.14345991561181434,769.9263548078216,448.76630449085735,23,0.678329459807115,0.313915
3,218,193.148,r563_svd_normalised_tr050_tid3_218,234,228.515625,21.524600240606116,0.9706069454726232,18.075441510372762,14.84743126498078,122.11692640192504,49.02695722961529,501957.822551431,32812619.596399777,0.9191596790843837,0.11538461538461539,773.2003914210961,450.5126267709618,23,0.6897889437672868,0.3145025
3,219,194.034,r563_svd_normalised_tr050_tid3_219,239,233.3984375,21.507396172085713,1.02674555874154,17.535075186320423,15.873101137853277,127.93783070704588,53.60553946913519,535701.6913150816,38288770.87663077,0.9033910414741744,0.1297071129707113,770.6050037314344,427.698604919259,20,0.7380298856657904,0.31782
3,220,194.92000000000002,r563_svd_normalised_tr050_tid3_220,251,245.1171875,20.986554200931092,0.917277257170187,17.535075186320423,14.53240479744963,122.9209582275711,48.2611592265186,513169.7259610142,33021554.473111227,0.9048433357821689,0.11155378486055777,780.5463302429912,445.1316498125709,20,0.6924626433816793,0.31677
3,221,195.806,r563_svd_normalised_tr050_tid3_221,235,229.4921875,21.88566455394109,1.201210075584583,17.16982978269642,18.414201767554058,186.72784358445992,74.69643991163794,602891.1866496564,60045100.395776175,0.9155144837499792,0.1148936170212766,738.9057244973537,404.02562333096455,21,0.841381888229576,0.3161275
3,222,196.692,r563_svd_normalised_tr050_tid3_222,221,215.8203125,21.41226213782618,1.0109733690367215,17.821882824449926,15.029199605808106,123.89820204885508,49.977017987076955,474437.301095032,31614615.374088883,0.9148720813091179,0.10407239819004525,778.6460216708783,445.0663768946466,19,0.701896862137608,0.3131725
3,223,197.578,r563_svd_normalised_tr050_tid3_223,237,231.4453125,21.70154464999516,0.9872743153117426,18.03399544256092,15.198894892748026,121.17762591139376,49.72557852416897,521926.3916836467,34604122.36466846,0.9116699058633324,0.12658227848101267,744.6196394839333,446.8026493930744,19,0.7003600498433376,0.31652
3,224,198.464,r563_svd_normalised_tr050_tid3_224,235,229.4921875,21.71942425174247,0.9727446174657897,17.902983961563457,14.911892614287309,120.91732775876636,48.786905580463795,511736.0671258047,33288025.585312687,0.907362835118904,0.08085106382978724,747.8735803522361,451.88332397917776,24,0.6865694247438894,0.3186
3,225,199.35,r563_svd_normalised_tr050_tid3_225,240,234.375,21.367964274546775,0.9462010291381127,18.01867441710081,14.658483312064917,118.95302558983116,48.02628207694675,505594.65197911154,32375775.163392708,0.9076102632699752,0.12083333333333333,771.6038491656095,443.7380086250244,17,0.6860027995051405,0.3176875
3,226,200.236,r563_svd_normalised_tr050_tid3_226,242,236.328125,21.379197380029897,0.9459122694888836,17.94335166117562,14.714941563589225,119.63761584307868,48.2152724625214,511434.22599397716,32878587.40394447,0.9091683714487808,0.09504132231404959,769.3184527481604,449.2774700275202,18,0.6882831615247779,0.3185875
3,227,201.122,r563_svd_normalised_tr050_tid3_227,222,216.796875,21.63332335572839,1.0085180676273344,18.154079007668443,15.026580774954478,118.33641564343785,49.15454412477326,483169.21398964344,31666616.59838125,0.9024384829551431,0.10810810810810811,778.2271116496793,452.1770409384262,16,0.6946034378474503,0.315215
3,228,202.008,r563_svd_normalised_tr050_tid3_228,237,231.4453125,21.452539681334045,0.9646571590170514,17.842192669016807,14.850708197353928,116.98205529987588,48.385495377155955,506168.3495840328,32654941.78514783,0.9125231764091856,0.12236286919831224,773.6967083246597,453.5392558911951,20,0.6922587450228841,0.3184475
3,229,202.894,r563_svd_normalised_tr050_tid3_229,234,228.515625,21.53074016494772,0.9496633453612431,17.968591442256294,14.527055788022349,114.75817689913772,47.477677727111235,495263.49014528445,31351947.16682952,0.9119081680629146,0.10683760683760683,772.0772917407123,444.2862359242935,16,0.6747123265029483,0.31829
3,230,203.78,r563_svd_normalised_tr050_tid3_230,244,238.28125,21.34959422060514,0.9345190166464077,17.918131745911765,14.597653693782421,115.46764045764009,47.51786406308285,512072.36177093687,32443446.502790883,0.9100410458738807,0.10245901639344263,769.1870488444629,449.78544741415385,22,0.6837438474448279,0.3207425
3,231,204.666,r563_svd_normalised_tr050_tid3_231,238,232.421875,21.27540287398513,0.9494726257254066,17.770585958879014,14.647750255464207,114.83862428153724,47.876509980847,498190.27552959975,31802148.93167173,0.9073988250042988,0.09663865546218488,774.1554587694715,454.2723238952058,20,0.688482861745241,0.319635
3,232,205.552,r563_svd_normalised_tr050_tid3_232,241,235.3515625,21.256470308031883,0.9443177243486913,17.627772264935583,14.659753321563802,112.80380942884422,47.536930471495836,504134.0526086682,31953313.8762289,0.9100104958718,0.1078838174273859,780.6387547178904,453.3067322968643,23,0.6896607531319312,0.3200425
3,233,206.438,r563_svd_normalised_tr050_tid3_233,237,231.4453125,22.229919874693824,1.120936692664741,18.332756723163996,17.256601036821642,164.3012450186369,64.20159344924318,588723.9042162765,50396017.00312607,0.9159949391779488,0.08016877637130802,634.0350274595044,482.04774647979684,22,0.7762781482836686,0.3196625
3,234,207.324,r563_svd_normalised_tr050_tid3_234,234,228.515625,21.94773373221902,0.9986136952295762,18.08902070720492,15.275852155549822,110.67272131606708,48.91822942197571,524926.9644366549,34237996.90145809,0.9186237078092423,0.09401709401709402,789.684836067281,460.8175540603406,19,0.6960104556547014,0.31904
3,235,208.21,r563_svd_normalised_tr050_tid3_235,242,236.328125,21.56393500734677,0.9315726019545952,17.913092933707105,14.491868688213195,110.06072577095182,46.50628889668391,512532.724190908,31781326.586969037,0.9099114564633686,0.08677685950413223,780.6477407293138,450.243549458018,21,0.6720419386942066,0.318655
3,236,209.096,r563_svd_normalised_tr050_tid3_236,231,225.5859375,21.533312704094026,0.9615323484761977,17.983719360787784,14.614026467930772,109.6502806398911,46.90372236110813,490817.14150050224,30694867.91334971,0.9139909431607016,0.08658008658008658,781.6274514379128,448.9751509761934,21,0.6786706099871144,0.31729
3,237,209.982,r563_svd_normalised_tr050_tid3_237,223,217.7734375,22.03043815106486,1.0326974373938342,17.54539904661211,15.42146138910167,110.36304583319038,48.48673516749021,505881.97030084365,32704753.493313536,0.9128177377492677,0.09417040358744394,778.0559750306493,454.8205824924901,23,0.7000070213472472,0.32083
3,238,210.868,r563_svd_normalised_tr050_tid3_238,232,226.5625,21.597778113413664,0.9793111122340485,17.483352170222936,14.916422461651477,112.44364925023956,47.50663664504294,501451.8262829836,31763052.941625185,0.9159342837816793,0.09482758620689655,746.1621620969704,449.8130179088463,20,0.6906461573650199,0.3115375
3,239,211.754,r563_svd_normalised_tr050_tid3_239,220,214.84375,21.67795774256107,0.9804526200943326,17.978649458709164,14.542462475625138,108.49143853675253,46.52232665520823,470297.2730863254,29172431.15143426,0.9151966920957086,0.10454545454545454,770.0823459829038,440.59337928579725,16,0.6708409827312021,0.3051725
3,240,212.64000000000001,r563_svd_normalised_tr050_tid3_240,231,225.5859375,21.662901502587196,0.9282813045963672,18.312990941973972,14.108654354224708,105.82482894854002,45.027816496893365,484390.9558246435,29081422.762169093,0.9165967285550586,0.09956709956709957,768.3148924826293,441.19345558110166,22,0.651281840179152,0.3087525
3,241,213.526,r563_svd_normalised_tr050_tid3_241,217,211.9140625,21.66538498425416,0.9109952331733261,18.273395239556148,13.419797775138097,96.64688878797529,41.22235951976348,442201.29140135355,24304774.152333714,0.9156884478342739,0.10138248847926268,779.6458656982746,434.28875233336004,14,0.6194119229771942,0.300185
3,242,214.412,r563_svd_normalised_tr050_tid3_242,227,221.6796875,21.534882776214527,0.9041930326647335,17.740410933483137,13.623041663024988,97.97739403343144,41.71780830658064,462487.1707802719,25725268.179818936,0.916175071127536,0.1145374449339207,762.8632893900086,441.4609655266689,20,0.6326034743068935,0.304825
3,243,215.298,r563_svd_normalised_tr050_tid3_243,230,224.609375,21.211629452234433,0.898764763494797,17.740399187351983,13.63044251016699,99.22986896885466,41.78580465355233,458767.76184164494,25559973.436883193,0.9120641224983491,0.11304347826086956,767.348667476565,434.9303384663241,18,0.6425929012601698,0.3079125
3,244,216.184,r563_svd_normalised_tr050_tid3_244,230,224.609375,21.45965967226098,0.9139613641274921,17.59685227094033,13.860910369708435,100.0603653736423,42.332649610584944,470973.42075082153,26583403.72872415,0.9176149189694494,0.06521739130434782,757.1539828632577,441.10224205754196,21,0.6459054142235637,0.31113
3,245,217.07,r563_svd_normalised_tr050_tid3_245,224,218.75,21.527068584174327,0.9297107870870283,17.796374930084507,13.914636936270377,101.8558039562235,43.05371886511812,461756.0217490749,26507085.259546712,0.9112939756333756,0.08928571428571429,776.4693769647166,439.81659762430775,16,0.6463786224242233,0.31013
3,246,217.956,r563_svd_normalised_tr050_tid3_246,234,228.515625,21.764777990303518,0.9151617167305378,17.8574091738788,13.999282355106255,101.86647041621848,43.23000211114445,491691.984020465,28341127.34298333,0.9178058291525897,0.09829059829059829,755.0062293067814,441.6382178868446,18,0.6432081393774433,0.3139125
3,247,218.842,r563_svd_normalised_tr050_tid3_247,222,216.796875,21.954614064890258,0.9467888248482128,18.103923583414293,14.106835772289832,102.77788303548562,43.873153798179914,474332.5804829835,27747288.34002331,0.9120054302199905,0.07657657657657657,764.504834973648,438.72891721523183,17,0.6425453770489837,0.3086675
