frame,train,frame_idx,reviewed,n_bubbles,n_in_analysis,image_height_px,image_width_px,model
r563_svd_normalised_tr050_tid3_000,3,0,False,359,359,250,400,bubble_rcnn_best.pt
r563_svd_normalised_tr050_tid3_001,3,1,False,239,239,250,400,bubble_rcnn_best.pt
r563_svd_normalised_tr050_tid3_002,3,2,False,245,245,250,400,bubble_rcnn_best.pt
r563_svd_normalised_tr050_tid3_003,3,3,False,244,244,250,400,bubble_rcnn_best.pt
r563_svd_normalised_tr050_tid3_004,3,4,False,253,253,250,400,bubble_rcnn_best.pt
r563_svd_normalised_tr050_tid3_005,3,5,False,249,249,250,400,bubble_rcnn_best.pt
r563_svd_normalised_tr050_tid3_006,3,6,False,247,247,250,400,bubble_rcnn_best.pt
r563_svd_normalised_tr050_tid3_007,3,7,False,248,248,250,400,bubble_rcnn_best.pt
r563_svd_normalised_tr050_tid3_008,3,8,False,248,248,250,400,bubble_rcnn_best.pt
r563_svd_normalised_tr050_tid3_009,3,9,False,242,242,250,400,bubble_rcnn_best.pt
r563_svd_normalised_tr050_tid3_010,3,10,False,249,249,250,400,bubble_rcnn_best.pt
r563_svd_normalised_tr050_tid3_011,3,11,False,245,245,250,400,bubble_rcnn_best.pt
r563_svd_normalised_tr050_tid3_012,3,12,False,249,249,250,400,bubble_rcnn_best.pt
r563_svd_normalised_tr050_tid3_013,3,13,False,235,235,250,400,bubble_rcnn_best.pt
r563_svd_normalised_tr050_tid3_014,3,14,False,240,240,250,400,bubble_rcnn_best.pt
r563_svd_normalised_tr050_tid3_015,3,15,False,232,232,250,400,bubble_rcnn_best.pt
r563_svd_normalised_tr050_tid3_016,3,16,False,240,240,250,400,bubble_rcnn_best.pt
r563_svd_normalised_tr050_tid3_017,3,17,False,233,233,250,400,bubble_rcnn_best.pt
r563_svd_normalised_tr050_tid3_018,3,18,False,241,241,250,400,bubble_rcnn_best.pt
r563_svd_normalised_tr050_tid3_019,3,19,False,237,237,250,400,bubble_rcnn_best.pt
r563_svd_normalised_tr050_tid3_020,3,20,False,230,230,250,400,bubble_rcnn_best.pt
r563_svd_normalised_tr050_tid3_021,3,21,False,230,230,250,400,bubble_rcnn_best.pt
r563_svd_normalised_tr050_tid3_022,3,22,False,240,240,250,400,bubble_rcnn_best.pt
r563_svd_normalised_tr050_tid3_023,3,23,False,246,246,250,400,bubble_rcnn_best.pt
r563_svd_normalised_tr050_tid3_024,3,24,False,245,245,250,400,bubble_rcnn_best.pt
r563_svd_normalised_tr050_tid3_025,3,25,False,240,240,250,400,bubble_rcnn_best.pt
r563_svd_normalised_tr050_tid3_026,3,26,False,242,242,250,400,bubble_rcnn_best.pt
r563_svd_normalised_tr050_tid3_027,3,27,False,245,245,250,400,bubble_rcnn_best.pt
r563_svd_normalised_tr050_tid3_028,3,28,False,246,246,250,400,bubble_rcnn_best.pt
r563_svd_normalised_tr050_tid3_029,3,29,False,247,247,250,400,bubble_rcnn_best.pt
r563_svd_normalised_tr050_tid3_030,3,30,False,246,246,250,400,bubble_rcnn_best.pt
r563_svd_normalised_tr050_tid3_031,3,31,False,246,246,250,400,bubble_rcnn_best.pt
r563_svd_normalised_tr050_tid3_032,3,32,False,245,245,250,400,bubble_rcnn_best.pt
r563_svd_normalised_tr050_tid3_033,3,33,False,246,246,250,400,bubble_rcnn_best.pt
r563_svd_normalised_tr050_tid3_034,3,34,False,235,235,250,400,bubble_rcnn_best.pt
r563_svd_normalised_tr050_tid3_035,3,35,False,239,239,250,400,bubble_rcnn_best.pt
r563_svd_normalised_tr050_tid3_036,3,36,False,238,238,250,400,bubble_rcnn_best.pt
r563_svd_normalised_tr050_tid3_037,3,37,False,241,241,250,400,bubble_rcnn_best.pt
r563_svd_normalised_tr050_tid3_038,3,38,False,241,241,250,400,bubble_rcnn_best.pt
r563_svd_normalised_tr050_tid3_039,3,39,False,244,244,250,400,bubble_rcnn_best.pt
r563_svd_normalised_tr050_tid3_040,3,40,False,241,241,250,400,bubble_rcnn_best.pt
r563_svd_normalised_tr050_tid3_041,3,41,False,253,253,250,400,bubble_rcnn_best.pt
r563_svd_normalised_tr050_tid3_042,3,42,False,250,250,250,400,bubble_rcnn_best.pt
r563_svd_normalised_tr050_tid3_043,3,43,False,244,244,250,400,bubble_rcnn_best.pt
r563_svd_normalised_tr050_tid3_044,3,44,False,241,241,250,400,bubble_rcnn_best.pt
r563_svd_normalised_tr050_tid3_045,3,45,False,249,249,250,400,bubble_rcnn_best.pt
r563_svd_normalised_tr050_tid3_046,3,46,False,246,246,250,400,bubble_rcnn_best.pt
r563_svd_normalised_tr050_tid3_047,3,47,False,257,257,250,400,bubble_rcnn_best.pt
r563_svd_normalised_tr050_tid3_048,3,48,False,246,246,250,400,bubble_rcnn_best.pt
r563_svd_normalised_tr050_tid3_049,3,49,False,247,247,250,400,bubble_rcnn_best.pt
r563_svd_normalised_tr050_tid3_050,3,50,False,250,250,250,400,bubble_rcnn_best.pt
r563_svd_normalised_tr050_tid3_051,3,51,False,250,250,250,400,bubble_rcnn_best.pt
r563_svd_normalised_tr050_tid3_052,3,52,False,245,245,250,400,bubble_rcnn_best.pt
r563_svd_normalised_tr050_tid3_053,3,53,False,250,250,250,400,bubble_rcnn_best.pt
r563_svd_normalised_tr050_tid3_054,3,54,False,249,249,250,400,bubble_rcnn_best.pt
r563_svd_normalised_tr050_tid3_055,3,55,False,261,261,250,400,bubble_rcnn_best.pt
r563_svd_normalised_tr050_tid3_056,3,56,False,251,251,250,400,bubble_rcnn_best.pt
r563_svd_normalised_tr050_tid3_057,3,57,False,253,253,250,400,bubble_rcnn_best.pt
r563_svd_normalised_tr050_tid3_058,3,58,False,248,248,250,400,bubble_rcnn_best.pt
r563_svd_normalised_tr050_tid3_059,3,59,False,249,249,250,400,bubble_rcnn_best.pt
r563_svd_normalised_tr050_tid3_060,3,60,False,247,247,250,400,bubble_rcnn_best.pt
r563_svd_normalised_tr050_tid3_061,3,61,False,256,256,250,400,bubble_rcnn_best.pt
r563_svd_normalised_tr050_tid3_062,3,62,False,240,240,250,400,bubble_rcnn_best.pt
r563_svd_normalised_tr050_tid3_063,3,63,False,248,248,250,400,bubble_rcnn_best.pt
r563_svd_normalised_tr050_tid3_064,3,64,False,253,253,250,400,bubble_rcnn_best.pt
r563_svd_normalised_tr050_tid3_065,3,65,False,252,252,250,400,bubble_rcnn_best.pt
r563_svd_normalised_tr050_tid3_066,3,66,False,243,243,250,400,bubble_rcnn_best.pt
r563_svd_normalised_tr050_tid3_067,3,67,False,247,247,250,400,bubble_rcnn_best.pt
r563_svd_normalised_tr050_tid3_068,3,68,False,244,244,250,400,bubble_rcnn_best.pt
r563_svd_normalised_tr050_tid3_069,3,69,False,240,240,250,400,bubble_rcnn_best.pt
r563_svd_normalised_tr050_tid3_070,3,70,False,247,247,250,400,bubble_rcnn_best.pt
r563_svd_normalised_tr050_tid3_071,3,71,False,244,244,250,400,bubble_rcnn_best.pt
r563_svd_normalised_tr050_tid3_072,3,72,False,245,245,250,400,bubble_rcnn_best.pt
r563_svd_normalised_tr050_tid3_073,3,73,False,252,252,250,400,bubble_rcnn_best.pt
r563_svd_normalised_tr050_tid3_074,3,74,False,246,246,250,400,bubble_rcnn_best.pt
r563_svd_normalised_tr050_tid3_075,3,75,False,238,238,250,400,bubble_rcnn_best.pt
r563_svd_normalised_tr050_tid3_076,3,76,False,247,247,250,400,bubble_rcnn_best.pt
r563_svd_normalised_tr050_tid3_077,3,77,False,244,244,250,400,bubble_rcnn_best.pt
r563_svd_normalised_tr050_tid3_078,3,78,False,252,252,250,400,bubble_rcnn_best.pt
r563_svd_normalised_tr050_tid3_079,3,79,False,246,246,250,400,bubble_rcnn_best.pt
r563_svd_normalised_tr050_tid3_080,3,80,False,257,257,250,400,bubble_rcnn_best.pt
r563_svd_normalised_tr050_tid3_081,3,81,False,262,262,250,400,bubble_rcnn_best.pt
r563_svd_normalised_tr050_tid3_082,3,82,False,248,248,250,400,bubble_rcnn_best.pt
r563_svd_normalised_tr050_tid3_083,3,83,False,245,245,250,400,bubble_rcnn_best.pt
r563_svd_normalised_tr050_tid3_084,3,84,False,245,245,250,400,bubble_rcnn_best.pt
r563_svd_normalised_tr050_tid3_085,3,85,False,262,262,250,400,bubble_rcnn_best.pt
r563_svd_normalised_tr050_tid3_086,3,86,False,252,252,250,400,bubble_rcnn_best.pt
r563_svd_normalised_tr050_tid3_087,3,87,False,249,249,250,400,bubble_rcnn_best.pt
r563_svd_normalised_tr050_tid3_088,3,88,False,246,246,250,400,bubble_rcnn_best.pt
r563_svd_normalised_tr050_tid3_089,3,89,False,252,252,250,400,bubble_rcnn_best.pt
r563_svd_normalised_tr050_tid3_090,3,90,False,245,245,250,400,bubble_rcnn_best.pt
r563_svd_normalised_tr050_tid3_091,3,91,False,247,247,250,400,bubble_rcnn_best.pt
r563_svd_normalised_tr050_tid3_092,3,92,False,249,249,250,400,bubble_rcnn_best.pt
r563_svd_normalised_tr050_tid3_093,3,93,False,249,249,250,400,bubble_rcnn_best.pt
r563_svd_normalised_tr050_tid3_094,3,94,False,250,250,250,400,bubble_rcnn_best.pt
r563_svd_normalised_tr050_tid3_095,3,95,False,252,252,250,400,bubble_rcnn_best.pt
r563_svd_normalised_tr050_tid3_096,3,96,False,241,241,250,400,bubble_rcnn_best.pt
r563_svd_normalised_tr050_tid3_097,3,97,False,237,237,250,400,bubble_rcnn_best.pt
r563_svd_normalised_tr050_tid3_098,3,98,False,253,253,250,400,bubble_rcnn_best.pt
r563_svd_normalised_tr050_tid3_099,3,99,False,251,251,250,400,bubble_rcnn_best.pt
r563_svd_normalised_tr050_tid3_100,3,100,False,248,248,250,400,bubble_rcnn_best.pt
r563_svd_normalised_tr050_tid3_101,3,101,False,248,248,250,400,bubble_rcnn_best.pt
r563_svd_normalised_tr050_tid3_102,3,102,False,248,248,250,400,bubble_rcnn_best.pt
r563_svd_normalised_tr050_tid3_103,3,103,False,244,244,250,400,bubble_rcnn_best.pt
r563_svd_normalised_tr050_tid3_104,3,104,False,248,248,250,400,bubble_rcnn_best.pt
r563_svd_normalised_tr050_tid3_105,3,105,False,246,246,250,400,bubble_rcnn_best.pt
r563_svd_normalised_tr050_tid3_106,3,106,False,252,252,250,400,bubble_rcnn_best.pt
r563_svd_normalised_tr050_tid3_107,3,107,False,249,249,250,400,bubble_rcnn_best.pt
r563_svd_normalised_tr050_tid3_108,3,108,False,252,252,250,400,bubble_rcnn_best.pt
r563_svd_normalised_tr050_tid3_109,3,109,False,246,246,250,400,bubble_rcnn_best.pt
r563_svd_normalised_tr050_tid3_110,3,110,False,236,236,250,400,bubble_rcnn_best.pt
r563_svd_normalised_tr050_tid3_111,3,111,False,241,241,250,400,bubble_rcnn_best.pt
r563_svd_normalised_tr050_tid3_112,3,112,False,229,229,250,400,bubble_rcnn_best.pt
r563_svd_normalised_tr050_tid3_113,3,113,False,245,245,250,400,bubble_rcnn_best.pt
r563_svd_normalised_tr050_tid3_114,3,114,False,237,237,250,400,bubble_rcnn_best.pt
r563_svd_normalised_tr050_tid3_115,3,115,False,241,241,250,400,bubble_rcnn_best.pt
r563_svd_normalised_tr050_tid3_116,3,116,False,238,238,250,400,bubble_rcnn_best.pt
r563_svd_normalised_tr050_tid3_117,3,117,False,248,248,250,400,bubble_rcnn_best.pt
r563_svd_normalised_tr050_tid3_118,3,118,False,251,251,250,400,bubble_rcnn_best.pt
r563_svd_normalised_tr050_tid3_119,3,119,False,251,251,250,400,bubble_rcnn_best.pt
r563_svd_normalised_tr050_tid3_120,3,120,False,250,250,250,400,bubble_rcnn_best.pt
r563_svd_normalised_tr050_tid3_121,3,121,False,253,253,250,400,bubble_rcnn_best.pt
r563_svd_normalised_tr050_tid3_122,3,122,False,252,252,250,400,bubble_rcnn_best.pt
r563_svd_normalised_tr050_tid3_123,3,123,False,250,250,250,400,bubble_rcnn_best.pt
r563_svd_normalised_tr050_tid3_124,3,124,False,236,236,250,400,bubble_rcnn_best.pt
r563_svd_normalised_tr050_tid3_125,3,125,False,228,228,250,400,bubble_rcnn_best.pt
r563_svd_normalised_tr050_tid3_126,3,126,False,238,238,250,400,bubble_rcnn_best.pt
r563_svd_normalised_tr050_tid3_127,3,127,False,231,231,250,400,bubble_rcnn_best.pt
r563_svd_normalised_tr050_tid3_128,3,128,False,239,239,250,400,bubble_rcnn_best.pt
r563_svd_normalised_tr050_tid3_129,3,129,False,240,240,250,400,bubble_rcnn_best.pt
r563_svd_normalised_tr050_tid3_130,3,130,False,234,234,250,400,bubble_rcnn_best.pt
r563_svd_normalised_tr050_tid3_131,3,131,False,236,236,250,400,bubble_rcnn_best.pt
r563_svd_normalised_tr050_tid3_132,3,132,False,238,238,250,400,bubble_rcnn_best.pt
r563_svd_normalised_tr050_tid3_133,3,133,False,238,238,250,400,bubble_rcnn_best.pt
r563_svd_normalised_tr050_tid3_134,3,134,False,244,244,250,400,bubble_rcnn_best.pt
r563_svd_normalised_tr050_tid3_135,3,135,False,243,243,250,400,bubble_rcnn_best.pt
r563_svd_normalised_tr050_tid3_136,3,136,False,238,238,250,400,bubble_rcnn_best.pt
r563_svd_normalised_tr050_tid3_137,3,137,False,231,231,250,400,bubble_rcnn_best.pt
r563_svd_normalised_tr050_tid3_138,3,138,False,233,233,250,400,bubble_rcnn_best.pt
r563_svd_normalised_tr050_tid3_139,3,139,False,233,233,250,400,bubble_rcnn_best.pt
r563_svd_normalised_tr050_tid3_140,3,140,False,240,240,250,400,bubble_rcnn_best.pt
r563_svd_normalised_tr050_tid3_141,3,141,False,233,233,250,400,bubble_rcnn_best.pt
r563_svd_normalised_tr050_tid3_142,3,142,False,233,233,250,400,bubble_rcnn_best.pt
r563_svd_normalised_tr050_tid3_143,3,143,False,238,238,250,400,bubble_rcnn_best.pt
r563_svd_normalised_tr050_tid3_144,3,144,False,246,246,250,400,bubble_rcnn_best.pt
r563_svd_normalised_tr050_tid3_145,3,145,False,235,235,250,400,bubble_rcnn_best.pt
r563_svd_normalised_tr050_tid3_146,3,146,False,244,244,250,400,bubble_rcnn_best.pt
r563_svd_normalised_tr050_tid3_147,3,147,False,248,248,250,400,bubble_rcnn_best.pt
r563_svd_normalised_tr050_tid3_148,3,148,False,238,238,250,400,bubble_rcnn_best.pt
r563_svd_normalised_tr050_tid3_149,3,149,False,249,249,250,400,bubble_rcnn_best.pt
r563_svd_normalised_tr050_tid3_150,3,150,False,252,252,250,400,bubble_rcnn_best.pt
r563_svd_normalised_tr050_tid3_151,3,151,False,237,237,250,400,bubble_rcnn_best.pt
r563_svd_normalised_tr050_tid3_152,3,152,False,245,245,250,400,bubble_rcnn_best.pt
r563_svd_normalised_tr050_tid3_153,3,153,False,234,234,250,400,bubble_rcnn_best.pt
r563_svd_normalised_tr050_tid3_154,3,154,False,236,236,250,400,bubble_rcnn_best.pt
r563_svd_normalised_tr050_tid3_155,3,155,False,238,238,250,400,bubble_rcnn_best.pt
r563_svd_normalised_tr050_tid3_156,3,156,False,245,245,250,400,bubble_rcnn_best.pt
r563_svd_normalised_tr050_tid3_157,3,157,False,247,247,250,400,bubble_rcnn_best.pt
r563_svd_normalised_tr050_tid3_158,3,158,False,231,231,250,400,bubble_rcnn_best.pt
r563_svd_normalised_tr050_tid3_159,3,159,False,238,238,250,400,bubble_rcnn_best.pt
r563_svd_normalised_tr050_tid3_160,3,160,False,241,241,250,400,bubble_rcnn_best.pt
r563_svd_normalised_tr050_tid3_161,3,161,False,242,242,250,400,bubble_rcnn_best.pt
r563_svd_normalised_tr050_tid3_162,3,162,False,243,243,250,400,bubble_rcnn_best.pt
r563_svd_normalised_tr050_tid3_163,3,163,False,245,245,250,400,bubble_rcnn_best.pt
r563_svd_normalised_tr050_tid3_164,3,164,False,246,246,250,400,bubble_rcnn_best.pt
r563_svd_normalised_tr050_tid3_165,3,165,False,244,244,250,400,bubble_rcnn_best.pt
r563_svd_normalised_tr050_tid3_166,3,166,False,250,250,250,400,bubble_rcnn_best.pt
r563_svd_normalised_tr050_tid3_167,3,167,False,250,250,250,400,bubble_rcnn_best.pt
r563_svd_normalised_tr050_tid3_168,3,168,False,244,244,250,400,bubble_rcnn_best.pt
r563_svd_normalised_tr050_tid3_169,3,169,False,245,245,250,400,bubble_rcnn_best.pt
r563_svd_normalised_tr050_tid3_170,3,170,False,246,246,250,400,bubble_rcnn_best.pt
r563_svd_normalised_tr050_tid3_171,3,171,False,240,240,250,400,bubble_rcnn_best.pt
r563_svd_normalised_tr050_tid3_172,3,172,False,246,246,250,400,bubble_rcnn_best.pt
r563_svd_normalised_tr050_tid3_173,3,173,False,252,252,250,400,bubble_rcnn_best.pt
r563_svd_normalised_tr050_tid3_174,3,174,False,255,255,250,400,bubble_rcnn_best.pt
r563_svd_normalised_tr050_tid3_175,3,175,False,247,247,250,400,bubble_rcnn_best.pt
r563_svd_normalised_tr050_tid3_176,3,176,False,245,245,250,400,bubble_rcnn_best.pt
r563_svd_normalised_tr050_tid3_177,3,177,False,248,248,250,400,bubble_rcnn_best.pt
r563_svd_normalised_tr050_tid3_178,3,178,False,244,244,250,400,bubble_rcnn_best.pt
r563_svd_normalised_tr050_tid3_179,3,179,False,244,244,250,400,bubble_rcnn_best.pt
r563_svd_normalised_tr050_tid3_180,3,180,False,245,245,250,400,bubble_rcnn_best.pt
r563_svd_normalised_tr050_tid3_181,3,181,False,251,251,250,400,bubble_rcnn_best.pt
r563_svd_normalised_tr050_tid3_182,3,182,False,236,236,250,400,bubble_rcnn_best.pt
r563_svd_normalised_tr050_tid3_183,3,183,False,224,224,250,400,bubble_rcnn_best.pt
r563_svd_normalised_tr050_tid3_184,3,184,False,231,231,250,400,bubble_rcnn_best.pt
r563_svd_normalised_tr050_tid3_185,3,185,False,218,218,250,400,bubble_rcnn_best.pt
r563_svd_normalised_tr050_tid3_186,3,186,False,232,232,250,400,bubble_rcnn_best.pt
r563_svd_normalised_tr050_tid3_187,3,187,False,225,225,250,400,bubble_rcnn_best.pt
r563_svd_normalised_tr050_tid3_188,3,188,False,235,235,250,400,bubble_rcnn_best.pt
r563_svd_normalised_tr050_tid3_189,3,189,False,240,240,250,400,bubble_rcnn_best.pt
r563_svd_normalised_tr050_tid3_190,3,190,False,232,232,250,400,bubble_rcnn_best.pt
r563_svd_normalised_tr050_tid3_191,3,191,False,229,229,250,400,bubble_rcnn_best.pt
r563_svd_normalised_tr050_tid3_192,3,192,False,229,229,250,400,bubble_rcnn_best.pt
r563_svd_normalised_tr050_tid3_193,3,193,False,223,223,250,400,bubble_rcnn_best.pt
r563_svd_normalised_tr050_tid3_194,3,194,False,237,237,250,400,bubble_rcnn_best.pt
r563_svd_normalised_tr050_tid3_195,3,195,False,235,235,250,400,bubble_rcnn_best.pt
r563_svd_normalised_tr050_tid3_196,3,196,False,233,233,250,400,bubble_rcnn_best.pt
r563_svd_normalised_tr050_tid3_197,3,197,False,228,228,250,400,bubble_rcnn_best.pt
r563_svd_normalised_tr050_tid3_198,3,198,False,226,226,250,400,bubble_rcnn_best.pt
r563_svd_normalised_tr050_tid3_199,3,199,False,228,228,250,400,bubble_rcnn_best.pt
r563_svd_normalised_tr050_tid3_200,3,200,False,229,229,250,400,bubble_rcnn_best.pt
r563_svd_normalised_tr050_tid3_201,3,201,False,230,230,250,400,bubble_rcnn_best.pt
r563_svd_normalised_tr050_tid3_202,3,202,False,230,230,250,400,bubble_rcnn_best.pt
r563_svd_normalised_tr050_tid3_203,3,203,False,232,232,250,400,bubble_rcnn_best.pt
r563_svd_normalised_tr050_tid3_204,3,204,False,237,237,250,400,bubble_rcnn_best.pt
r563_svd_normalised_tr050_tid3_205,3,205,False,227,227,250,400,bubble_rcnn_best.pt
r563_svd_normalised_tr050_tid3_206,3,206,False,231,231,250,400,bubble_rcnn_best.pt
r563_svd_normalised_tr050_tid3_207,3,207,False,231,231,250,400,bubble_rcnn_best.pt
r563_svd_normalised_tr050_tid3_208,3,208,False,239,239,250,400,bubble_rcnn_best.pt
r563_svd_normalised_tr050_tid3_209,3,209,False,234,234,250,400,bubble_rcnn_best.pt
r563_svd_normalised_tr050_tid3_210,3,210,False,238,238,250,400,bubble_rcnn_best.pt
r563_svd_normalised_tr050_tid3_211,3,211,False,244,244,250,400,bubble_rcnn_best.pt
r563_svd_normalised_tr050_tid3_212,3,212,False,251,251,250,400,bubble_rcnn_best.pt
r563_svd_normalised_tr050_tid3_213,3,213,False,239,239,250,400,bubble_rcnn_best.pt
r563_svd_normalised_tr050_tid3_214,3,214,False,237,237,250,400,bubble_rcnn_best.pt
r563_svd_normalised_tr050_tid3_215,3,215,False,241,241,250,400,bubble_rcnn_best.pt
r563_svd_normalised_tr050_tid3_216,3,216,False,227,227,250,400,bubble_rcnn_best.pt
r563_svd_normalised_tr050_tid3_217,3,217,False,237,237,250,400,bubble_rcnn_best.pt
r563_svd_normalised_tr050_tid3_218,3,218,False,234,234,250,400,bubble_rcnn_best.pt
r563_svd_normalised_tr050_tid3_219,3,219,False,239,239,250,400,bubble_rcnn_best.pt
r563_svd_normalised_tr050_tid3_220,3,220,False,251,251,250,400,bubble_rcnn_best.pt
r563_svd_normalised_tr050_tid3_221,3,221,False,235,235,250,400,bubble_rcnn_best.pt
r563_svd_normalised_tr050_tid3_222,3,222,False,221,221,250,400,bubble_rcnn_best.pt
r563_svd_normalised_tr050_tid3_223,3,223,False,237,237,250,400,bubble_rcnn_best.pt
r563_svd_normalised_tr050_tid3_224,3,224,False,235,235,250,400,bubble_rcnn_best.pt
r563_svd_normalised_tr050_tid3_225,3,225,False,240,240,250,400,bubble_rcnn_best.pt
r563_svd_normalised_tr050_tid3_226,3,226,False,242,242,250,400,bubble_rcnn_best.pt
r563_svd_normalised_tr050_tid3_227,3,227,False,222,222,250,400,bubble_rcnn_best.pt
r563_svd_normalised_tr050_tid3_228,3,228,False,237,237,250,400,bubble_rcnn_best.pt
r563_svd_normalised_tr050_tid3_229,3,229,False,234,234,250,400,bubble_rcnn_best.pt
r563_svd_normalised_tr050_tid3_230,3,230,False,244,244,250,400,bubble_rcnn_best.pt
r563_svd_normalised_tr050_tid3_231,3,231,False,238,238,250,400,bubble_rcnn_best.pt
r563_svd_normalised_tr050_tid3_232,3,232,False,241,241,250,400,bubble_rcnn_best.pt
r563_svd_normalised_tr050_tid3_233,3,233,False,237,237,250,400,bubble_rcnn_best.pt
r563_svd_normalised_tr050_tid3_234,3,234,False,234,234,250,400,bubble_rcnn_best.pt
r563_svd_normalised_tr050_tid3_235,3,235,False,242,242,250,400,bubble_rcnn_best.pt
r563_svd_normalised_tr050_tid3_236,3,236,False,231,231,250,400,bubble_rcnn_best.pt
r563_svd_normalised_tr050_tid3_237,3,237,False,223,223,250,400,bubble_rcnn_best.pt
r563_svd_normalised_tr050_tid3_238,3,238,False,232,232,250,400,bubble_rcnn_best.pt
r563_svd_normalised_tr050_tid3_239,3,239,False,220,220,250,400,bubble_rcnn_best.pt
r563_svd_normalised_tr050_tid3_240,3,240,False,231,231,250,400,bubble_rcnn_best.pt
r563_svd_normalised_tr050_tid3_241,3,241,False,217,217,250,400,bubble_rcnn_best.pt
r563_svd_normalised_tr050_tid3_242,3,242,False,227,227,250,400,bubble_rcnn_best.pt
r563_svd_normalised_tr050_tid3_243,3,243,False,230,230,250,400,bubble_rcnn_best.pt
r563_svd_normalised_tr050_tid3_244,3,244,False,230,230,250,400,bubble_rcnn_best.pt
r563_svd_normalised_tr050_tid3_245,3,245,False,224,224,250,400,bubble_rcnn_best.pt
r563_svd_normalised_tr050_tid3_246,3,246,False,234,234,250,400,bubble_rcnn_best.pt
r563_svd_normalised_tr050_tid3_247,3,247,False,222,222,250,400,bubble_rcnn_best.pt
